,,Privaciones Municipios,,,,,,,,,,,,,,
ID,Municipio,Analfabetismo,Bajo logro educativo,Barreras a servicios para cuidado de la primera infancia,Barreras de acceso a servicios de salud,Tasa de dependencia,Hacinamiento crítico,Inadecuada eliminación de excretas,Inasistencia escolar,Material inadecuado de paredes exteriores,Material inadecuado de pisos,Rezago escolar,Sin acceso a fuente de agua mejorada,Sin aseguramiento en salud,Trabajo infantil,Trabajo informal
05001,MEDELLÍN,5.0,35.2,1.4,2.6,22.8,5.4,2.0,3.1,0.7,0.2,12.5,1.5,15.9,0.5,71.0
05002,ABEJORRAL,18.9,81.7,1.3,3.2,30.2,5.2,23.6,5.0,0.3,1.6,20.3,32.3,8.8,3.6,87.5
05004,ABRIAQUÍ,13.0,66.8,1.3,1.9,37.4,5.4,39.6,2.4,0.8,3.4,13.1,34.4,11.7,1.2,87.6
05021,ALEJANDRÍA,15.7,72.9,1.2,0.5,36.7,4.1,3.7,2.5,0.4,2.5,17.9,26.8,11.0,1.5,87.1
05030,AMAGÁ,15.4,64.4,1.3,4.3,27.2,4.8,5.6,4.7,0.3,1.4,15.7,4.6,14.1,0.8,69.5
05031,AMALFI,19.1,73.1,1.4,5.2,32.3,6.3,32.7,5.9,4.6,9.5,23.2,36.4,12.1,3.5,86.4
05034,ANDES,18.8,72.1,1.5,4.7,29.9,5.0,33.6,5.5,0.4,0.7,18.2,28.3,12.7,2.6,87.2
05036,ANGELÓPOLIS,18.4,74.3,1.4,1.5,29.2,5.6,16.8,3.9,1.2,2.3,20.6,10.8,11.1,1.7,74.0
05038,ANGOSTURA,25.3,81.2,1.9,10.9,38.7,7.4,49.6,6.7,0.3,10.3,25.8,26.1,9.4,3.6,87.0
05040,ANORÍ,19.9,75.6,2.0,5.8,38.1,8.9,54.5,7.7,3.7,8.3,28.2,43.9,9.7,3.9,89.1
05042,SANTA FÉ DE ANTIOQUIA,15.7,62.1,1.3,1.4,29.8,9.7,5.9,4.0,1.2,9.4,19.7,9.2,12.7,1.3,81.9
05044,ANZÁ,27.8,83.9,2.1,6.7,30.6,6.1,35.3,6.4,0.8,8.5,25.2,22.1,8.5,3.8,87.1
05045,APARTADÓ,10.7,47.1,2.0,6.8,32.5,14.0,5.9,4.1,5.3,5.2,21.7,7.2,16.3,1.2,74.6
05051,ARBOLETES,24.5,68.3,3.4,5.2,50.4,13.9,30.1,4.3,9.1,56.0,27.5,43.2,16.1,1.2,90.7
05055,ARGELIA,18.9,77.4,2.1,4.3,35.9,5.3,46.0,7.3,2.1,2.6,19.2,35.9,10.0,4.8,91.3
05059,ARMENIA,28.7,79.0,1.1,1.8,36.1,2.3,22.6,2.0,0.1,0.6,18.1,24.6,7.5,0.8,86.0
05079,BARBOSA,10.6,56.5,1.4,2.3,25.1,3.8,14.8,3.6,0.5,1.3,12.4,23.0,15.7,1.0,78.0
05086,BELMIRA,15.5,69.9,1.6,5.4,32.7,7.8,20.7,4.6,0.3,1.9,25.1,42.5,14.9,4.0,81.4
05088,BELLO,4.4,36.5,1.8,2.8,25.4,5.6,5.5,2.8,1.4,0.7,13.2,5.6,19.2,0.5,72.7
05091,BETANIA,23.9,80.3,2.0,7.2,34.5,6.7,36.7,6.3,1.7,0.9,28.4,43.0,14.2,3.7,90.6
05093,BETULIA,28.0,82.8,1.5,7.4,32.9,6.1,47.7,8.1,0.4,5.1,25.7,28.6,9.7,4.8,92.2
05101,CIUDAD BOLÍVAR,20.3,71.6,1.2,3.8,31.2,6.4,25.5,5.1,0.4,1.2,22.4,20.6,12.9,2.3,83.7
05107,BRICEÑO,22.8,78.1,2.9,9.2,42.8,8.9,37.0,7.8,1.6,6.9,29.8,39.5,8.9,2.8,85.7
05113,BURITICÁ,21.2,79.0,2.4,8.7,40.3,12.6,22.3,12.9,1.4,14.4,22.1,13.0,15.1,2.8,83.2
05120,CÁCERES,31.0,81.2,4.4,9.7,46.2,16.5,35.9,8.3,10.2,41.6,33.5,43.6,14.5,3.1,93.2
05125,CAICEDO,22.6,80.0,1.3,14.6,35.6,6.9,53.1,6.6,0.5,22.6,27.3,23.9,7.6,5.1,93.3
05129,CALDAS,6.3,44.5,1.5,4.5,19.6,4.3,10.1,3.0,0.2,0.3,14.1,5.0,18.1,0.5,66.9
05134,CAMPAMENTO,27.3,83.9,1.7,3.4,35.1,9.1,58.7,10.0,0.8,7.1,32.3,42.7,9.4,7.4,91.1
05138,CAÑASGORDAS,19.4,72.0,1.8,4.1,40.9,9.1,35.3,7.1,1.5,11.7,16.0,29.9,9.6,2.1,89.4
05142,CARACOLÍ,17.9,74.1,1.4,1.5,26.3,4.7,50.8,3.3,0.6,3.5,14.2,20.6,11.3,1.2,84.7
05145,CARAMANTA,15.6,75.8,0.8,2.2,32.4,4.8,16.6,4.1,0.6,0.6,16.0,21.2,7.7,2.0,85.7
05147,CAREPA,14.7,56.8,2.6,0.9,38.4,14.8,7.8,6.8,7.1,9.8,23.5,20.8,14.6,1.5,76.3
05148,EL CARMEN DE VIBORAL,9.4,48.2,2.3,6.5,21.2,4.9,2.8,3.7,0.1,0.1,22.6,5.3,14.9,1.7,69.1
05150,CAROLINA,11.4,54.8,0.9,0.6,34.0,5.9,3.7,1.6,0.5,1.1,12.1,14.0,14.4,0.7,75.1
05154,CAUCASIA,16.3,55.9,2.3,2.9,37.9,17.8,13.7,4.8,10.8,13.8,23.3,8.2,13.8,1.2,87.7
05172,CHIGORODÓ,18.1,59.5,2.6,4.9,39.3,14.5,8.9,6.0,6.0,6.9,23.0,14.0,17.6,1.6,80.5
05190,CISNEROS,10.0,60.2,1.1,1.3,38.3,5.4,35.3,3.3,3.0,0.7,11.0,34.5,12.6,0.7,82.7
05197,COCORNÁ,18.8,75.0,1.3,5.4,41.5,5.8,20.3,4.1,0.4,1.0,17.9,31.6,9.6,2.3,85.8
05206,CONCEPCIÓN,14.5,72.8,1.4,1.7,30.3,5.4,5.1,2.5,0.1,0.4,11.3,44.9,10.0,1.5,85.2
05209,CONCORDIA,29.6,80.4,1.3,2.0,39.0,5.4,24.5,5.4,0.8,2.5,21.9,32.5,10.6,2.7,88.2
05212,COPACABANA,5.4,36.2,1.3,4.5,19.8,3.7,5.0,1.9,0.2,0.3,15.1,4.2,16.2,0.6,70.5
05234,DABEIBA,32.6,76.1,5.1,2.6,40.7,18.2,42.7,9.8,13.1,15.7,30.3,48.0,15.5,4.4,92.1
05237,DONMATÍAS,6.8,59.8,2.1,0.7,24.6,4.8,9.1,4.5,0.0,0.2,15.9,13.0,14.8,2.3,80.2
05240,EBÉJICO,22.5,79.3,1.0,6.4,34.1,3.8,26.1,2.6,1.0,6.5,19.3,9.4,11.4,1.1,85.9
05250,EL BAGRE,23.1,69.1,3.6,2.7,43.0,19.6,41.3,8.9,10.6,24.3,29.0,18.8,14.8,2.9,91.7
05264,ENTRERRÍOS,5.6,55.6,2.3,5.5,26.5,3.7,14.5,4.4,0.1,0.3,19.5,14.8,15.1,2.2,68.5
05266,ENVIGADO,2.0,19.4,1.0,1.5,15.6,1.8,0.6,1.6,0.0,0.0,8.3,0.9,17.0,0.2,62.4
05282,FREDONIA,16.5,72.4,1.3,0.8,29.3,4.3,16.3,3.1,1.0,3.0,15.4,16.5,20.5,1.0,78.4
05284,FRONTINO,24.2,71.7,4.3,1.8,38.2,14.3,42.1,8.6,10.7,6.6,26.0,27.7,12.9,3.8,90.7
05306,GIRALDO,12.2,69.3,1.4,0.9,35.3,8.1,31.0,5.4,0.2,4.3,17.5,8.4,10.5,3.0,84.7
05308,GIRARDOTA,6.6,42.4,1.7,3.5,22.7,3.8,6.4,2.4,0.1,0.6,12.6,9.0,13.4,0.6,69.4
05310,GÓMEZ PLATA,11.9,70.0,1.1,6.2,32.2,5.3,21.1,3.1,0.8,3.8,19.7,26.0,10.9,1.7,81.1
05313,GRANADA,14.4,78.3,2.1,3.7,34.3,8.6,15.2,5.4,2.5,0.3,19.3,13.7,8.4,3.8,84.4
05315,GUADALUPE,21.3,74.5,1.0,0.6,37.7,7.0,32.8,4.0,0.6,3.2,21.7,35.8,9.1,1.7,80.2
05318,GUARNE,7.2,46.3,1.6,1.6,24.4,3.6,6.5,2.1,0.3,0.8,16.7,10.3,16.3,0.8,72.6
05321,GUATAPÉ,4.5,46.3,1.1,3.0,25.8,3.2,1.2,2.3,0.1,0.1,8.7,2.7,14.8,0.7,77.8
05347,HELICONIA,19.2,77.1,1.0,6.8,32.7,4.9,26.5,2.8,0.7,0.9,18.4,8.8,13.7,1.7,80.4
05353,HISPANIA,18.9,69.8,1.6,4.1,35.1,5.3,16.3,3.8,0.1,0.3,17.5,23.8,14.6,2.0,79.1
05360,ITAGÜÍ,4.1,33.8,1.5,3.0,19.1,4.4,1.0,2.1,0.2,0.1,12.7,1.1,19.2,0.5,69.0
05361,ITUANGO,29.1,77.1,2.8,6.4,39.2,10.0,39.5,8.3,2.4,20.1,30.0,38.0,10.6,4.7,89.3
05364,JARDÍN,12.7,65.3,1.1,1.8,27.2,4.1,16.2,4.0,1.4,1.6,14.0,19.8,12.6,2.7,85.8
05368,JERICÓ,14.8,66.8,1.0,2.3,30.2,4.1,6.3,2.6,0.5,0.2,11.2,14.1,14.1,1.2,80.0
05376,LA CEJA,5.7,42.9,1.4,2.1,18.2,4.2,1.7,2.4,0.1,0.1,14.3,5.9,13.8,0.8,65.3
05380,LA ESTRELLA,4.9,33.3,1.4,2.3,16.1,4.1,2.4,2.1,0.1,0.3,11.9,0.8,16.9,0.5,65.5
05390,LA PINTADA,19.6,67.0,1.3,4.3,23.8,14.7,25.6,4.6,2.8,1.0,16.9,3.8,16.4,1.2,73.1
05400,LA UNIÓN,10.5,65.8,1.4,5.3,23.3,5.3,5.6,4.1,0.1,0.2,21.7,14.1,12.4,2.9,78.9
05411,LIBORINA,16.9,73.6,1.0,9.4,42.0,6.1,35.7,3.0,0.2,1.4,20.7,12.8,8.1,1.3,89.6
05425,MACEO,17.4,72.3,1.6,3.4,30.2,6.3,30.4,4.4,1.3,4.9,22.8,21.1,10.5,2.3,84.3
05440,MARINILLA,5.7,47.5,1.7,3.2,25.9,5.6,1.5,3.4,0.1,0.2,17.7,1.1,15.4,1.3,74.5
05467,MONTEBELLO,16.9,79.8,1.2,5.6,33.3,5.1,16.0,3.8,1.1,1.4,18.3,34.1,10.7,1.5,86.3
05475,MURINDÓ,35.6,72.0,8.2,4.3,55.3,24.7,82.7,18.3,63.9,2.0,51.4,93.9,22.2,5.4,89.0
05480,MUTATÁ,27.1,73.1,4.3,6.3,39.0,16.6,27.0,9.5,14.6,16.0,32.1,39.8,15.9,3.7,89.2
05483,NARIÑO,23.3,82.9,1.5,3.7,34.4,4.9,46.3,7.5,0.4,1.0,22.5,50.5,7.5,5.8,90.9
05490,NECOCLÍ,22.4,68.2,3.6,7.5,50.1,13.3,35.0,9.5,8.2,46.5,30.0,64.0,14.5,2.3,91.5
05495,NECHÍ,20.6,73.6,3.4,9.7,38.7,17.8,76.8,8.5,22.7,47.8,28.9,18.0,13.0,3.3,93.3
05501,OLAYA,21.3,74.9,1.3,0.8,34.0,5.1,13.7,2.4,0.9,3.5,15.9,5.3,15.1,1.5,87.0
05541,PEÑOL,7.8,63.5,1.2,1.8,31.3,4.9,7.7,3.1,0.2,1.2,12.9,7.0,11.6,1.8,83.3
05543,PEQUE,30.8,79.9,2.2,3.5,32.5,13.7,19.2,8.3,0.2,16.2,29.7,16.3,10.3,6.8,90.6
05576,PUEBLORRICO,21.8,77.9,0.7,2.3,36.9,5.2,28.8,4.9,1.1,1.1,23.2,36.7,8.7,2.1,89.3
05579,PUERTO BERRÍO,14.9,59.0,1.7,3.5,31.1,12.3,24.0,4.1,14.4,4.1,17.7,4.9,14.7,1.3,79.2
05585,PUERTO NARE,17.0,67.2,2.1,5.9,37.1,6.1,13.3,5.4,2.2,2.8,17.0,11.7,14.1,1.2,81.9
05591,PUERTO TRIUNFO,16.1,63.5,2.6,1.3,30.5,8.3,3.6,6.4,1.4,1.7,24.0,3.6,16.2,2.8,79.0
05604,REMEDIOS,18.6,71.8,2.8,1.5,34.0,9.5,41.7,7.8,6.5,10.3,27.8,19.0,12.0,3.2,80.7
05607,RETIRO,6.7,42.3,1.5,1.4,16.5,2.9,1.2,2.7,0.1,0.2,13.7,11.3,13.8,0.8,64.9
05615,RIONEGRO,4.0,35.5,1.4,1.4,22.8,3.9,0.9,3.8,0.1,0.2,14.1,0.5,14.4,0.6,68.1
05628,SABANALARGA,18.3,79.1,1.7,3.1,47.9,13.5,43.4,8.1,0.3,14.3,20.6,24.0,11.9,3.2,91.7
05631,SABANETA,2.3,18.3,1.1,2.9,14.7,1.4,0.3,1.0,0.0,0.0,7.6,0.2,15.3,0.2,58.7
05642,SALGAR,26.2,81.9,1.5,5.5,28.6,4.7,43.3,6.8,0.9,3.4,23.6,43.6,12.2,4.1,87.5
05647,SAN ANDRÉS DE CUERQUÍA,13.1,73.7,2.9,1.6,38.3,8.9,41.6,12.0,0.8,3.9,25.4,44.4,12.2,4.3,83.9
05649,SAN CARLOS,14.8,68.8,1.7,5.1,38.7,4.2,5.2,4.6,1.0,2.0,16.3,11.2,11.6,1.7,86.1
05652,SAN FRANCISCO,26.3,77.1,1.4,14.2,39.7,7.6,16.2,5.2,0.8,3.5,24.4,26.8,8.3,2.5,85.3
05656,SAN JERÓNIMO,14.2,62.1,1.2,1.7,32.6,7.3,17.0,4.1,0.6,4.1,16.7,15.9,15.5,1.0,82.0
05658,SAN JOSÉ DE LA MONTAÑA,8.3,64.6,2.0,6.2,33.9,6.7,25.6,4.9,0.0,0.2,25.0,20.9,12.5,4.6,77.8
05659,SAN JUAN DE URABÁ,22.4,69.1,3.6,0.6,54.5,16.0,34.9,7.7,15.9,52.1,29.2,60.4,12.8,2.0,92.0
05660,SAN LUIS,14.2,67.1,1.6,2.6,35.2,6.6,14.9,5.6,0.5,1.6,18.9,27.8,9.7,2.3,82.1
05664,SAN PEDRO DE LOS MILAGROS,6.7,46.6,1.8,0.8,33.7,5.3,6.0,2.4,0.1,0.2,13.0,12.4,17.0,1.2,75.0
05665,SAN PEDRO DE URABÁ,24.0,71.4,2.5,2.4,48.8,17.8,38.6,6.8,10.5,58.9,29.1,44.8,14.0,1.9,92.3
05667,SAN RAFAEL,15.9,66.4,1.3,7.7,35.1,5.7,16.8,3.3,0.8,3.5,18.4,31.7,12.7,2.2,83.1
05670,SAN ROQUE,16.2,71.4,1.6,6.0,35.2,5.9,34.1,5.4,0.9,5.7,19.9,30.3,11.8,3.1,87.8
05674,SAN VICENTE FERRER,13.2,70.8,1.2,3.3,29.7,5.0,19.7,3.5,0.4,3.1,15.1,13.9,11.0,2.4,85.7
05679,SANTA BÁRBARA,15.0,69.6,1.2,5.4,27.5,4.5,9.7,3.0,0.3,1.3,15.5,13.0,12.2,1.5,81.8
05686,SANTA ROSA DE OSOS,9.1,61.9,2.3,1.0,31.6,5.7,27.9,5.1,0.1,1.4,22.1,26.3,14.9,2.1,77.9
05690,SANTO DOMINGO,16.0,71.5,1.5,3.4,37.7,5.1,34.8,3.5,0.6,2.1,20.7,45.2,10.3,2.4,85.4
05697,EL SANTUARIO,9.3,63.7,2.0,0.7,31.7,7.2,2.1,5.6,0.1,0.3,18.3,5.9,13.8,2.4,82.9
05736,SEGOVIA,16.0,66.6,3.1,4.5,32.7,13.2,44.1,10.1,9.7,7.3,21.5,23.4,16.0,2.7,78.9
05756,SONSÓN,15.9,71.2,1.8,3.5,31.2,5.1,24.8,5.0,0.6,1.8,22.8,32.0,13.5,3.2,85.9
05761,SOPETRÁN,11.8,65.4,1.3,2.7,27.3,7.1,20.4,2.7,0.7,8.1,14.6,9.2,15.2,1.3,82.3
05789,TÁMESIS,16.3,70.9,1.0,5.9,37.2,4.2,23.2,4.1,0.5,0.7,16.7,16.5,14.8,1.0,82.9
05790,TARAZÁ,26.3,77.0,3.0,2.0,40.2,14.4,28.5,10.8,11.4,15.2,32.2,18.7,11.2,4.5,91.8
05792,TARSO,25.2,74.0,1.6,2.6,33.4,7.6,14.8,3.1,1.4,1.0,23.1,35.3,13.9,0.8,75.5
05809,TITIRIBÍ,19.1,75.2,1.3,1.0,31.9,3.8,8.1,4.8,0.1,1.4,16.6,15.0,11.6,1.0,74.3
05819,TOLEDO,19.1,71.8,2.1,20.8,47.1,11.1,32.2,3.9,0.9,6.7,24.5,25.8,10.9,1.9,86.2
05837,TURBO,17.3,58.1,3.7,5.4,49.2,12.7,45.4,7.5,10.8,22.5,24.6,36.8,16.8,2.0,87.6
05842,URAMITA,24.9,78.2,2.6,2.7,38.8,9.1,56.0,5.0,1.7,13.2,20.3,42.6,15.2,3.4,92.2
05847,URRAO,23.7,74.3,2.9,7.2,31.4,9.3,29.5,7.0,4.2,3.9,23.5,27.8,13.5,4.0,89.4
05854,VALDIVIA,24.8,80.7,2.5,3.9,44.3,7.3,49.3,10.3,4.0,9.5,26.8,45.9,10.4,3.6,91.5
05856,VALPARAÍSO,17.7,68.6,0.6,2.7,29.2,4.4,9.0,2.4,0.8,1.6,14.2,11.8,11.9,0.9,76.6
05858,VEGACHÍ,20.6,73.5,1.5,3.9,38.8,9.1,20.4,5.2,2.3,8.6,20.9,16.5,11.8,2.2,85.0
05861,VENECIA,19.7,70.1,0.9,3.3,24.4,3.4,6.5,3.3,0.3,0.9,17.8,7.8,15.2,1.1,73.5
05873,VIGÍA DEL FUERTE,25.1,69.0,7.6,7.4,64.4,12.0,81.6,8.7,39.6,1.9,37.9,89.3,18.4,2.1,93.6
05885,YALÍ,23.6,78.7,1.3,2.9,31.3,6.1,34.1,5.2,1.8,16.1,21.3,29.7,9.1,3.3,87.1
05887,YARUMAL,14.5,61.6,2.6,3.4,38.1,6.6,18.7,4.6,0.5,1.1,19.1,15.9,13.4,2.4,84.3
05890,YOLOMBÓ,16.6,76.7,1.4,3.3,33.2,6.5,47.8,5.2,0.6,6.5,17.3,42.5,12.2,2.4,87.7
05893,YONDÓ,18.1,63.8,3.6,5.0,46.6,11.9,19.2,7.6,17.3,19.0,25.1,11.4,23.1,2.0,81.9
05895,ZARAGOZA,24.4,72.6,3.9,4.7,49.2,15.0,42.2,7.5,14.3,33.7,29.9,30.5,13.6,2.5,91.1
08001,BARRANQUILLA,5.2,29.0,2.4,3.0,29.7,13.5,2.1,5.0,1.5,1.4,16.1,1.0,20.1,0.6,84.6
08078,BARANOA,11.2,42.8,2.0,5.3,41.0,19.3,48.4,3.5,4.3,5.4,16.5,8.9,21.5,0.5,87.6
08137,CAMPO DE LA CRUZ,26.2,68.3,3.0,0.4,66.8,25.7,85.0,8.8,1.5,8.3,24.1,14.6,17.4,0.6,95.3
08141,CANDELARIA,34.9,71.1,2.3,2.6,55.6,27.9,23.6,10.1,0.8,4.8,17.6,10.9,13.0,1.0,94.0
08296,GALAPA,8.1,40.1,2.8,1.3,40.5,17.8,12.9,7.7,3.4,2.6,14.3,3.3,17.4,0.5,85.0
08372,JUAN DE ACOSTA,17.8,53.6,2.3,2.2,38.0,15.8,67.1,8.1,1.5,4.7,14.2,7.0,12.7,1.1,91.2
08421,LURUACO,25.8,65.7,3.4,5.2,51.0,19.8,29.5,5.8,3.2,13.9,19.2,41.8,20.5,0.9,93.2
08433,MALAMBO,10.6,44.2,3.0,5.0,41.3,16.7,14.3,6.5,1.8,3.0,23.0,6.2,17.6,0.7,88.5
08436,MANATÍ,24.4,59.9,3.3,1.0,53.2,22.5,41.6,8.5,0.9,4.2,21.8,8.7,19.8,1.0,92.3
08520,PALMAR DE VARELA,13.9,48.6,2.0,2.8,51.0,17.9,56.8,6.1,4.2,4.6,17.5,5.8,13.1,0.5,86.7
08549,PIOJÓ,26.2,61.5,2.6,0.1,40.9,14.7,58.7,5.9,1.8,9.8,15.4,18.0,18.8,0.8,87.6
08558,POLONUEVO,13.6,47.7,1.9,4.6,38.2,18.9,37.8,5.1,3.6,4.3,18.6,11.7,13.4,0.7,85.3
08560,PONEDERA,28.7,65.4,2.5,5.2,46.5,23.8,19.7,6.3,5.9,8.7,20.6,6.6,17.8,1.0,90.0
08573,PUERTO COLOMBIA,5.2,23.4,2.6,2.0,28.2,11.7,6.5,3.0,2.7,2.3,13.6,4.7,18.5,0.5,80.7
08606,REPELÓN,24.6,66.0,3.0,8.3,49.0,21.9,67.3,5.7,0.7,10.4,24.5,13.0,18.6,0.9,90.9
08634,SABANAGRANDE,14.9,46.7,2.6,2.8,43.0,20.0,4.9,4.9,3.4,4.2,18.8,3.7,19.6,0.8,86.2
08638,SABANALARGA,19.4,46.7,3.4,4.1,47.4,18.8,15.0,5.2,4.5,6.3,15.5,11.6,20.7,0.6,89.6
08675,SANTA LUCÍA,20.5,65.8,2.5,1.1,58.3,16.5,32.1,6.2,3.8,7.3,24.0,9.8,16.2,0.8,91.7
08685,SANTO TOMÁS,13.6,41.7,1.6,1.4,34.2,17.1,15.2,5.4,3.7,4.0,18.6,9.0,16.7,1.0,85.5
08758,SOLEDAD,5.8,31.4,3.1,2.9,36.0,12.5,10.3,5.4,0.5,1.1,15.9,1.5,19.5,0.6,86.1
08770,SUAN,21.5,56.6,2.9,5.2,45.2,29.7,17.0,4.8,0.1,1.3,18.6,3.8,21.9,1.4,91.2
08832,TUBARÁ,18.8,54.2,1.7,1.3,42.9,11.9,29.7,3.0,1.7,10.2,16.2,9.2,17.3,0.4,83.2
08849,USIACURÍ,16.3,52.4,1.7,0.6,42.9,14.7,50.9,4.3,2.9,3.6,10.6,12.6,16.4,0.4,85.0
11001,"BOGOTÁ, D.C.",2.8,26.2,1.8,4.3,18.9,5.6,0.7,1.9,0.3,0.3,11.5,0.5,18.7,0.5,69.1
13001,CARTAGENA DE INDIAS,6.5,33.5,2.3,2.5,36.7,14.2,7.8,6.4,4.9,5.0,13.4,5.4,17.6,0.7,86.6
13006,ACHÍ,26.7,71.5,3.1,9.1,46.5,15.4,67.3,6.1,6.8,60.3,22.4,19.3,16.6,2.6,94.2
13030,ALTOS DEL ROSARIO,30.0,79.9,2.5,8.6,49.9,23.5,75.0,7.6,14.2,51.5,30.5,27.8,14.9,3.2,96.0
13042,ARENAL,22.5,73.0,3.1,18.0,59.2,21.3,35.1,7.8,5.7,24.6,25.2,17.9,13.3,1.8,93.2
13052,ARJONA,22.4,55.5,2.4,6.8,42.3,24.1,79.8,4.9,5.1,13.2,20.2,17.2,14.7,0.7,87.8
13062,ARROYOHONDO,37.1,74.7,3.0,5.6,46.7,28.6,57.0,6.3,1.5,20.6,29.5,39.8,23.6,1.9,94.9
13074,BARRANCO DE LOBA,31.8,75.4,4.3,4.2,51.8,21.6,69.1,7.4,8.3,45.9,32.1,28.0,18.6,2.1,93.7
13140,CALAMAR,29.7,66.7,2.5,2.3,50.0,27.5,75.8,5.2,3.0,17.4,21.6,44.3,16.5,0.6,94.0
13160,CANTAGALLO,20.9,65.5,2.6,7.5,48.3,18.9,33.1,6.2,8.1,28.7,23.1,28.0,15.6,2.5,86.0
13188,CICUCO,29.7,69.3,2.2,12.6,49.5,26.6,78.1,6.5,3.7,28.5,28.2,5.3,14.7,1.5,91.1
13212,CÓRDOBA,41.0,74.1,2.1,13.1,48.2,18.3,44.5,3.7,1.3,34.3,20.2,27.6,12.0,1.3,95.5
13222,CLEMENCIA,24.5,60.4,3.0,1.6,55.6,29.3,91.4,6.3,17.0,29.9,19.3,86.6,19.8,0.8,90.1
13244,EL CARMEN DE BOLÍVAR,29.1,64.6,2.2,6.8,41.1,26.6,88.7,5.0,7.7,36.7,17.2,25.4,12.0,1.4,93.6
13248,EL GUAMO,36.7,75.9,2.3,5.7,45.4,16.9,62.5,3.3,1.2,23.0,18.7,18.4,9.3,0.6,94.0
13268,EL PEÑÓN,27.2,73.3,2.3,16.9,59.7,23.9,64.5,5.6,3.4,37.8,31.5,36.4,13.0,0.9,89.9
13300,HATILLO DE LOBA,37.4,78.3,4.3,21.3,57.4,29.8,43.6,9.3,6.7,38.0,36.8,15.9,20.0,1.8,93.2
13430,MAGANGUÉ,20.9,60.5,2.4,4.5,46.5,17.7,46.9,5.4,8.6,21.9,22.3,12.6,17.2,1.1,93.4
13433,MAHATES,28.6,66.6,2.1,14.9,48.4,20.0,51.6,3.7,4.0,15.8,19.6,11.3,16.1,0.8,92.4
13440,MARGARITA,29.0,76.6,2.3,15.5,49.9,19.7,49.4,5.3,2.2,44.0,24.4,27.7,18.1,1.2,95.0
13442,MARÍA LA BAJA,32.9,72.8,5.7,1.2,46.4,16.5,56.6,18.0,17.5,30.1,23.7,45.8,18.4,2.2,94.4
13458,MONTECRISTO,20.9,79.3,6.1,22.8,36.8,15.4,63.8,9.1,7.7,53.8,27.8,60.6,16.9,3.7,88.8
13468,MOMPÓS,24.0,61.5,3.4,1.0,43.2,20.5,42.2,5.4,3.9,28.7,22.4,8.9,17.4,1.3,93.2
13473,MORALES,15.7,74.7,3.6,6.4,45.7,14.7,26.2,6.2,7.6,56.6,24.6,34.7,18.3,1.8,93.4
13490,NOROSÍ,20.3,77.3,3.7,11.2,36.9,15.8,69.5,8.5,13.9,62.2,23.0,57.0,17.6,2.3,92.7
13549,PINILLOS,25.9,73.8,3.0,0.3,58.5,31.0,53.2,6.4,15.0,68.3,25.0,40.0,14.4,1.6,94.8
13580,REGIDOR,21.5,62.0,4.1,4.9,48.8,14.8,67.1,5.5,16.1,20.6,21.9,3.9,15.8,1.1,78.8
13600,RÍO VIEJO,23.3,71.4,2.6,1.9,49.0,18.6,36.6,5.4,16.9,41.8,26.8,28.5,18.0,1.6,90.0
13620,SAN CRISTÓBAL,19.5,63.3,1.5,6.5,53.8,22.5,76.4,3.1,1.9,11.1,15.4,4.1,15.2,0.6,92.5
13647,SAN ESTANISLAO,25.9,62.5,1.9,4.5,43.3,23.1,82.0,4.9,3.4,16.8,17.1,13.5,14.3,0.7,89.9
13650,SAN FERNANDO,30.9,74.3,2.0,2.7,60.1,23.2,41.6,5.2,1.2,48.7,26.9,20.2,15.8,1.4,93.8
13654,SAN JACINTO,29.8,63.0,1.2,6.8,48.2,22.1,94.0,3.9,4.6,25.8,19.3,99.0,9.2,0.9,94.3
13655,SAN JACINTO DEL CAUCA,24.5,73.3,3.6,1.3,54.4,20.1,73.5,5.7,18.0,64.2,24.0,45.0,13.5,2.6,95.0
13657,SAN JUAN NEPOMUCENO,30.2,63.0,1.9,6.6,39.9,20.4,77.9,4.0,4.4,13.5,12.8,49.0,12.0,1.1,92.9
13667,SAN MARTÍN DE LOBA,26.3,73.2,2.6,0.7,49.6,25.9,39.8,6.6,14.1,36.0,28.8,26.9,18.6,1.3,95.2
13670,SAN PABLO,20.9,69.7,3.6,7.1,41.1,20.8,38.1,8.0,20.8,31.2,26.1,18.8,17.2,3.0,90.3
13673,SANTA CATALINA,23.3,62.6,1.9,0.9,46.7,15.5,57.2,4.0,6.4,12.1,25.2,95.0,15.1,0.6,89.5
13683,SANTA ROSA,19.8,56.3,2.6,8.6,46.2,17.1,94.3,11.6,33.0,16.1,19.9,64.8,11.2,0.6,88.1
13688,SANTA ROSA DEL SUR,9.4,69.1,3.6,13.4,34.2,15.4,17.0,7.4,3.9,20.0,24.8,23.3,14.0,3.7,91.5
13744,SIMITÍ,20.9,72.9,3.7,8.2,39.4,16.8,57.0,6.7,3.1,26.5,25.5,25.1,16.0,2.9,91.1
13760,SOPLAVIENTO,10.7,48.8,1.6,3.5,45.3,24.5,98.7,2.5,0.9,13.3,12.2,9.7,16.3,0.4,89.2
13780,TALAIGUA NUEVO,23.4,59.0,1.5,4.8,51.8,26.7,44.4,3.9,0.9,25.4,23.3,7.5,14.4,1.1,93.4
13810,TIQUISIO,27.1,76.0,6.2,13.4,47.2,22.0,76.3,10.1,14.6,54.2,34.2,49.0,17.6,4.2,96.8
13836,TURBACO,10.4,35.1,2.2,4.4,37.2,16.0,72.4,2.9,3.4,4.0,15.0,22.7,17.5,0.4,83.2
13838,TURBANÁ,19.6,56.5,1.7,4.7,50.0,24.5,41.5,4.2,8.3,6.7,16.2,41.4,16.7,0.2,83.3
13873,VILLANUEVA,25.1,62.8,1.8,2.6,38.8,23.7,91.9,3.6,29.1,22.7,26.5,45.5,13.1,0.9,90.9
13894,ZAMBRANO,34.9,66.9,1.8,6.2,48.1,30.1,94.7,4.9,11.1,25.2,17.5,18.1,12.1,1.1,91.7
15001,TUNJA,3.8,25.6,1.3,5.5,27.7,4.4,1.9,1.5,0.1,0.5,12.3,0.9,18.0,0.5,75.3
15022,ALMEIDA,14.9,76.8,1.7,0.7,51.3,2.2,9.9,3.2,0.9,17.5,8.4,36.4,8.3,1.0,88.8
15047,AQUITANIA,16.1,77.6,1.4,3.5,36.7,6.5,13.8,4.4,0.4,8.7,14.9,23.9,10.6,3.5,95.1
15051,ARCABUCO,10.9,66.0,1.2,4.3,23.9,6.5,15.4,6.5,0.4,3.6,15.9,17.0,11.5,2.7,89.4
15087,BELÉN,11.0,63.4,1.1,4.7,40.3,7.5,8.0,1.7,0.2,5.3,14.9,8.4,10.3,1.3,85.6
15090,BERBEO,18.1,73.4,0.9,1.2,58.4,3.5,11.5,2.6,1.0,16.2,14.3,14.8,9.4,0.5,84.9
15092,BETÉITIVA,15.5,69.9,0.8,4.3,60.7,6.4,18.9,2.0,0.1,27.5,11.2,40.4,10.6,0.4,84.0
15097,BOAVITA,18.5,69.6,0.9,9.5,53.3,9.9,12.9,1.8,0.3,42.1,17.0,46.0,11.5,0.3,85.3
15104,BOYACÁ,21.1,84.7,1.8,3.6,48.1,4.3,16.7,3.4,0.4,9.2,13.7,13.7,10.1,2.6,91.6
15106,BRICEÑO,18.7,82.4,0.8,7.6,37.7,5.4,8.2,5.2,0.7,5.2,19.0,51.6,13.0,2.8,90.2
15109,BUENAVISTA,23.6,83.4,0.8,1.0,35.3,3.8,10.1,3.0,0.3,10.7,18.1,49.3,10.2,1.4,93.0
15114,BUSBANZÁ,10.9,64.2,0.9,1.2,55.8,8.4,5.9,1.6,0.0,22.7,12.5,7.8,8.7,0.6,85.4
15131,CALDAS,15.5,77.9,1.1,1.5,54.7,5.2,15.8,2.5,0.5,10.0,13.7,33.4,12.1,0.9,91.8
15135,CAMPOHERMOSO,13.7,77.3,1.4,9.4,49.3,3.8,15.2,4.0,0.6,25.3,19.2,55.4,7.8,1.8,89.8
15162,CERINZA,9.9,68.9,0.7,13.5,46.1,4.7,8.6,1.5,0.1,6.2,10.9,6.7,11.8,0.2,87.4
15172,CHINAVITA,17.5,77.0,1.9,0.9,56.2,5.8,8.0,5.2,0.4,10.9,9.7,18.2,9.9,0.8,90.8
15176,CHIQUINQUIRÁ,8.4,44.7,1.5,4.5,29.2,5.2,1.9,2.1,0.4,1.1,13.5,3.4,15.3,1.3,84.2
15180,CHISCAS,16.5,70.7,1.7,8.0,68.9,16.0,19.6,2.3,0.5,53.1,15.2,23.9,16.2,0.5,92.3
15183,CHITA,22.4,80.3,1.2,5.1,71.5,18.3,27.2,4.2,0.9,66.1,22.6,46.9,11.3,0.9,93.1
15185,CHITARAQUE,20.0,81.8,2.1,1.1,32.7,3.5,20.3,5.9,2.7,25.6,13.7,55.0,11.0,2.6,93.6
15187,CHIVATÁ,18.8,70.3,2.5,4.3,57.3,11.2,23.0,2.6,0.5,10.0,18.5,10.9,13.5,0.5,83.1
15189,CIÉNEGA,17.1,81.4,0.9,1.1,38.8,6.8,46.1,3.4,0.1,3.6,17.0,12.7,8.5,2.8,91.9
15204,CÓMBITA,12.9,69.0,1.0,2.7,41.9,5.4,41.9,3.1,0.0,2.9,18.3,11.6,12.2,1.2,86.1
15212,COPER,23.2,80.8,2.0,0.5,25.3,4.2,4.5,7.2,0.4,5.9,13.2,63.0,9.2,2.2,92.4
15215,CORRALES,10.3,64.5,2.1,2.3,47.2,10.5,8.3,1.6,0.0,9.5,17.0,5.9,12.7,0.3,76.4
15218,COVARACHÍA,21.2,75.9,0.9,5.8,63.3,12.2,25.9,1.8,0.2,46.8,14.7,41.2,9.3,0.2,91.8
15223,CUBARÁ,45.2,76.2,9.0,2.3,68.0,30.7,49.7,23.3,41.4,48.1,36.1,49.6,25.4,1.1,91.8
15224,CUCAITA,10.5,73.9,1.0,2.8,38.7,8.7,6.2,3.7,0.1,8.3,12.7,5.5,9.1,3.4,90.1
15226,CUÍTIVA,14.7,73.2,1.5,5.5,52.2,4.8,10.5,3.2,0.0,8.4,17.2,15.1,10.7,1.2,88.6
15232,CHÍQUIZA,19.4,92.1,1.5,0.2,43.2,10.1,48.1,6.1,0.1,18.1,19.8,24.1,9.1,2.2,95.9
15236,CHIVOR,16.1,76.6,0.8,2.7,58.3,4.9,31.3,2.4,1.5,15.8,7.4,34.3,11.9,1.0,93.6
15238,DUITAMA,4.8,34.3,1.4,3.7,27.9,4.0,1.3,1.5,0.2,0.5,11.4,1.0,14.8,0.6,78.0
15244,EL COCUY,13.1,71.9,1.3,3.8,60.2,19.5,7.2,5.1,2.9,37.0,16.7,13.6,8.7,1.0,91.4
15248,EL ESPINO,10.0,58.8,1.0,4.4,52.6,10.6,4.9,1.9,0.4,22.7,7.7,11.3,10.4,0.9,89.3
15272,FIRAVITOBA,11.3,57.2,0.9,6.7,38.4,4.8,11.8,1.4,0.4,4.7,12.4,7.3,9.7,0.6,82.1
15276,FLORESTA,17.6,76.2,0.5,3.0,60.2,10.0,15.2,2.4,0.1,23.1,13.1,15.0,7.7,0.4,89.4
15293,GACHANTIVÁ,17.0,76.6,0.9,22.4,39.4,5.6,32.0,2.0,0.4,22.4,12.1,35.5,9.1,1.6,89.0
15296,GÁMEZA,14.1,80.1,1.4,3.9,52.8,11.4,22.3,3.7,0.1,8.9,16.9,7.9,14.0,0.8,82.3
15299,GARAGOA,8.4,57.1,1.1,3.6,35.8,3.9,5.3,2.0,0.6,4.4,9.8,13.8,12.0,0.8,84.2
15317,GUACAMAYAS,11.7,63.4,0.7,1.2,49.2,8.0,9.2,2.4,0.0,16.9,14.1,18.7,11.3,0.6,89.0
15322,GUATEQUE,9.8,55.1,1.1,6.2,29.7,4.7,8.4,1.5,1.1,5.5,10.0,7.7,10.7,1.1,82.8
15325,GUAYATÁ,17.7,78.1,0.8,6.3,41.0,4.3,20.4,1.4,0.5,24.6,7.9,21.1,7.4,0.9,89.8
15332,GÜICÁN DE LA SIERRA,24.2,67.4,2.7,8.1,51.5,16.6,21.1,11.2,10.8,33.5,20.4,32.4,15.3,2.2,89.0
15362,IZA,8.2,52.2,1.8,5.8,42.0,8.9,7.9,1.0,0.7,4.8,13.8,7.8,17.1,0.8,82.7
15367,JENESANO,19.0,79.0,1.6,0.8,49.2,5.3,14.0,3.6,0.2,10.2,12.8,16.7,7.5,1.3,89.8
15368,JERICÓ,24.7,83.0,1.5,2.3,77.6,15.0,39.9,4.2,1.2,52.6,12.5,44.3,9.8,0.4,90.2
15377,LABRANZAGRANDE,27.4,82.2,2.4,7.0,47.2,11.5,33.8,4.0,1.4,39.9,15.8,32.1,10.1,2.1,91.6
15380,LA CAPILLA,15.5,77.5,0.4,1.0,45.5,3.2,12.4,2.1,0.2,7.3,11.2,19.1,7.6,1.4,90.6
15401,LA VICTORIA,23.8,76.7,0.8,0.5,28.0,1.6,18.4,2.6,4.1,17.9,18.7,32.4,7.3,2.6,86.8
15403,LA UVITA,11.5,68.1,0.7,5.7,63.7,8.6,9.3,1.6,0.2,24.7,15.4,16.9,13.0,0.4,88.4
15407,VILLA DE LEYVA,6.9,43.7,2.0,4.0,19.8,8.5,2.8,2.6,0.8,3.1,11.6,3.9,16.2,1.3,81.4
15425,MACANAL,14.9,73.1,1.0,0.6,37.3,2.8,6.6,2.8,0.5,8.5,13.8,23.2,10.1,1.1,88.6
15442,MARIPÍ,28.1,84.6,1.3,11.9,52.1,4.1,35.1,4.0,0.5,19.5,17.6,71.8,10.8,1.2,93.1
15455,MIRAFLORES,12.3,61.3,0.8,2.6,32.1,4.5,3.3,1.9,2.1,3.9,10.6,13.2,10.1,0.7,84.0
15464,MONGUA,15.1,72.3,1.7,17.9,64.8,11.0,25.0,3.4,0.6,28.5,16.9,15.5,11.2,0.9,85.5
15466,MONGUÍ,13.7,61.1,1.7,3.7,44.2,9.2,6.0,4.3,0.4,8.1,13.7,5.7,14.5,0.8,86.9
15469,MONIQUIRÁ,15.3,59.4,1.6,2.9,29.2,4.7,12.1,3.8,0.6,4.3,11.1,20.4,12.4,1.2,85.7
15476,MOTAVITA,12.4,71.7,1.8,2.7,64.4,8.9,26.4,3.9,0.5,11.9,16.0,35.8,13.2,0.8,89.3
15480,MUZO,17.8,70.6,0.7,7.8,39.8,9.1,23.0,2.7,9.7,14.3,19.3,34.5,10.4,1.1,86.4
15491,NOBSA,5.4,41.7,1.2,3.2,31.1,3.5,1.2,2.4,0.2,0.5,10.7,0.8,13.0,0.6,79.6
15494,NUEVO COLÓN,12.9,76.3,2.0,9.4,49.1,5.7,30.4,5.5,1.2,12.9,16.1,19.8,9.8,1.5,94.2
15500,OICATÁ,11.3,60.6,1.7,9.9,26.1,5.8,7.4,1.2,0.3,8.2,18.1,5.0,13.5,1.0,80.3
15507,OTANCHE,19.0,73.2,1.7,3.3,31.0,5.8,42.6,4.0,18.4,17.0,14.0,44.1,12.5,1.9,86.6
15511,PACHAVITA,15.3,82.4,0.9,13.5,39.3,4.7,10.3,3.1,0.4,12.7,14.5,19.0,6.2,0.9,89.1
15514,PÁEZ,14.8,73.1,1.4,3.9,43.0,3.8,13.8,2.7,1.4,11.8,13.7,47.3,9.2,1.0,84.8
15516,PAIPA,6.9,46.5,0.9,3.5,31.8,4.6,4.4,1.9,0.2,2.0,13.7,5.1,11.3,0.9,78.0
15518,PAJARITO,15.5,65.8,1.7,1.6,29.9,6.0,9.4,2.0,0.7,3.0,12.9,23.5,14.2,1.0,78.1
15522,PANQUEBA,16.6,67.4,2.4,0.5,52.1,8.9,6.0,4.6,0.9,24.0,13.5,27.5,12.9,1.8,92.0
15531,PAUNA,29.5,80.0,1.3,2.7,33.7,3.7,30.2,3.8,2.6,14.8,11.3,52.6,10.9,1.9,91.5
15533,PAYA,25.0,77.1,3.2,2.9,59.5,15.3,42.4,6.2,1.7,64.4,26.6,59.6,9.5,2.9,92.5
15537,PAZ DE RÍO,11.2,58.0,1.0,1.3,35.2,6.9,10.7,1.0,0.1,7.9,13.0,8.7,12.8,0.3,73.1
15542,PESCA,16.0,75.8,0.8,4.8,43.9,8.7,24.2,3.4,0.3,18.6,12.2,13.3,10.2,2.2,90.6
15550,PISBA,18.6,73.7,2.0,4.4,52.8,14.0,24.1,5.5,2.2,38.2,18.2,50.2,10.3,3.1,88.4
15572,PUERTO BOYACÁ,15.4,62.1,2.0,5.5,37.8,11.4,8.9,3.2,7.0,4.9,20.1,5.8,16.7,0.9,80.7
15580,QUÍPAMA,23.3,79.1,1.2,0.3,72.9,4.9,37.8,5.2,13.1,32.2,11.7,63.6,13.3,0.4,92.8
15599,RAMIRIQUÍ,15.7,66.3,1.2,5.7,35.6,5.5,19.7,3.8,0.4,5.3,13.5,16.0,10.7,2.3,90.2
15600,RÁQUIRA,18.6,74.2,2.2,1.1,25.8,10.1,12.6,5.4,0.4,10.2,13.1,30.3,9.3,3.2,87.1
15621,RONDÓN,15.6,73.9,1.0,5.6,61.0,2.4,10.3,2.7,0.1,7.0,12.0,50.3,9.6,0.9,91.1
15632,SABOYÁ,17.9,75.7,1.6,4.0,43.3,5.0,20.5,2.8,0.1,10.8,15.4,34.4,11.0,2.1,92.0
15638,SÁCHICA,11.1,63.9,2.5,0.5,20.9,10.0,11.8,5.1,0.8,9.9,13.5,5.3,11.4,6.1,88.9
15646,SAMACÁ,11.9,67.1,1.7,4.7,29.6,6.8,13.3,4.9,0.2,1.4,15.5,4.0,10.0,3.0,78.3
15660,SAN EDUARDO,14.1,69.9,0.8,5.4,52.1,4.7,10.7,0.9,0.9,6.0,12.1,25.2,6.1,1.1,89.6
15664,SAN JOSÉ DE PARE,24.3,82.5,1.3,2.6,39.8,2.9,20.4,4.4,2.3,10.1,15.7,53.2,10.6,1.8,93.2
15667,SAN LUIS DE GACENO,15.6,72.0,1.5,0.9,29.6,5.4,24.0,3.5,1.0,15.0,10.0,39.6,10.5,1.8,86.9
15673,SAN MATEO,17.6,75.5,0.4,1.4,61.1,10.6,15.0,1.3,0.2,33.1,14.5,25.5,12.4,0.3,89.5
15676,SAN MIGUEL DE SEMA,10.0,73.0,1.8,3.0,38.4,4.1,8.5,1.5,0.5,8.1,15.5,56.2,10.5,1.2,83.1
15681,SAN PABLO DE BORBUR,20.0,78.8,1.7,1.6,48.0,3.4,53.9,4.3,2.5,6.2,16.2,66.0,13.0,1.0,89.0
15686,SANTANA,20.5,72.9,0.9,4.5,39.4,6.3,24.6,4.5,3.0,9.2,16.6,28.2,10.4,2.3,93.5
15690,SANTA MARÍA,15.8,65.5,1.5,2.7,33.2,7.2,25.7,2.1,2.2,9.6,16.0,31.4,11.2,1.3,79.8
15693,SANTA ROSA DE VITERBO,7.7,50.1,1.1,2.7,45.5,3.6,3.8,2.6,0.2,2.6,8.2,5.0,12.7,0.4,87.6
15696,SANTA SOFÍA,16.3,71.0,1.6,3.2,33.6,7.1,22.8,3.1,0.4,8.4,11.1,16.3,15.3,3.5,89.5
15720,SATIVANORTE,13.5,78.7,1.3,5.8,73.7,9.8,13.0,1.6,0.4,18.9,10.0,23.8,6.5,0.3,89.0
15723,SATIVASUR,8.1,63.1,1.3,2.6,60.8,8.3,23.6,1.0,0.0,15.8,14.3,10.4,6.8,0.0,81.3
15740,SIACHOQUE,17.8,83.8,2.7,4.3,53.1,9.9,15.9,4.2,0.1,10.2,14.9,17.5,10.2,2.4,93.2
15753,SOATÁ,9.7,48.4,0.8,1.0,38.4,6.9,3.9,1.2,0.1,9.5,7.8,6.9,9.8,0.4,85.4
15755,SOCOTÁ,20.2,80.3,2.2,5.3,57.7,14.3,17.3,5.5,0.4,38.0,19.3,42.0,11.9,0.8,79.4
15757,SOCHA,10.1,59.3,2.4,0.9,38.8,9.8,3.6,3.3,0.3,8.8,12.6,6.1,13.9,0.7,72.7
15759,SOGAMOSO,5.2,36.7,1.5,3.0,29.2,4.0,1.9,2.0,0.1,0.8,10.3,1.9,13.3,0.5,79.3
15761,SOMONDOCO,15.3,79.6,0.9,7.4,51.5,2.2,18.8,2.1,0.2,13.2,5.5,37.5,6.7,0.6,87.8
15762,SORA,13.6,77.5,0.6,2.6,63.5,5.3,55.1,4.6,0.1,43.9,9.2,27.9,9.0,0.6,93.0
15763,SOTAQUIRÁ,10.2,74.3,2.8,2.7,38.3,7.0,27.1,10.0,0.2,12.5,18.3,8.3,13.0,1.9,82.3
15764,SORACÁ,18.2,77.2,1.2,4.3,41.9,9.3,17.0,3.4,0.3,4.8,21.6,16.5,9.9,2.3,88.3
15774,SUSACÓN,15.9,75.1,0.6,0.9,56.5,7.7,8.7,1.6,0.0,16.7,6.2,27.1,10.5,0.6,91.0
15776,SUTAMARCHÁN,13.4,68.3,1.9,2.3,32.3,8.1,17.8,2.5,0.2,14.6,12.0,37.2,8.5,2.6,88.9
15778,SUTATENZA,20.6,76.9,0.8,3.7,52.5,5.0,25.3,1.5,0.9,34.8,10.2,56.5,7.9,0.8,89.6
15790,TASCO,11.0,71.1,1.3,1.3,51.5,7.7,15.9,3.3,0.2,16.1,13.8,5.6,13.3,1.1,79.5
15798,TENZA,13.9,77.6,0.5,9.9,39.7,5.1,14.9,2.0,0.6,12.6,12.2,52.5,7.9,0.7,85.6
15804,TIBANÁ,18.9,82.3,1.4,1.1,51.5,4.7,33.8,2.9,0.2,21.4,11.5,21.8,8.3,1.8,90.2
15806,TIBASOSA,8.9,51.7,1.3,1.0,33.1,3.0,2.4,3.6,0.8,1.0,11.0,1.6,13.7,1.2,82.2
15808,TINJACÁ,11.9,63.3,1.4,7.1,42.4,5.3,13.6,1.9,0.4,7.7,11.6,46.5,9.4,1.1,88.1
15810,TIPACOQUE,20.1,70.0,0.7,1.9,44.5,13.0,20.8,1.6,0.3,35.3,11.4,47.9,9.0,1.1,91.3
15814,TOCA,9.6,70.2,2.3,1.7,36.7,8.0,20.7,4.2,0.5,13.5,14.8,9.2,10.0,2.1,87.7
15816,TOGÜÍ,19.9,83.0,1.9,10.4,43.8,6.0,14.6,5.4,1.4,13.7,21.5,32.6,8.7,2.6,94.3
15820,TÓPAGA,11.3,63.3,1.4,3.4,41.0,7.3,15.4,1.6,0.1,6.1,18.3,24.0,12.3,0.9,76.6
15822,TOTA,22.3,85.5,2.4,0.9,53.5,7.5,13.7,4.4,0.1,18.2,18.0,16.4,10.4,2.4,95.3
15832,TUNUNGUÁ,17.9,76.8,1.0,6.7,39.7,7.6,12.2,3.6,5.5,11.2,18.4,26.2,12.7,1.5,89.5
15835,TURMEQUÉ,15.0,75.0,1.3,7.4,52.8,6.9,38.4,2.6,0.3,9.9,16.0,9.1,8.3,1.0,91.4
15837,TUTA,10.2,63.3,2.3,4.5,45.9,6.5,16.3,5.6,0.3,7.1,16.1,8.6,10.9,0.8,86.6
15839,TUTAZÁ,14.2,77.4,1.2,0.3,55.1,5.9,9.8,2.5,0.0,6.9,9.5,25.5,13.0,1.5,90.0
15842,ÚMBITA,17.1,80.3,1.2,1.9,49.4,4.0,52.1,3.0,0.2,16.4,14.3,20.1,11.0,1.8,93.4
15861,VENTAQUEMADA,12.3,72.8,1.6,5.3,32.1,4.2,12.4,3.8,0.6,4.0,16.6,5.5,10.3,2.5,89.8
15879,VIRACACHÁ,15.2,84.1,0.9,1.8,60.8,3.2,17.9,5.1,0.6,15.1,11.2,13.4,7.8,2.4,94.3
15897,ZETAQUIRA,22.6,76.0,1.4,1.5,68.0,4.6,21.4,3.3,1.5,19.2,10.3,32.3,8.9,0.8,91.2
17001,MANIZALES,5.8,35.8,1.2,4.0,22.9,4.2,4.2,2.0,3.2,1.6,11.3,3.6,17.4,0.4,70.4
17013,AGUADAS,15.7,74.9,1.7,3.5,26.0,3.6,11.9,5.5,0.9,1.3,13.3,23.2,13.2,2.7,86.0
17042,ANSERMA,13.0,68.2,1.4,5.9,29.5,4.6,15.2,3.6,5.3,2.0,14.6,21.8,14.2,1.7,86.5
17050,ARANZAZU,14.8,74.3,1.9,0.9,32.5,3.9,11.6,3.9,2.2,0.1,15.2,16.1,13.9,2.4,84.9
17088,BELALCÁZAR,20.5,76.9,2.0,5.2,31.0,6.7,12.6,3.9,10.8,6.7,19.5,20.1,16.8,2.1,87.3
17174,CHINCHINÁ,11.3,56.9,1.2,3.0,26.3,5.5,2.3,2.7,3.0,0.5,13.8,3.9,18.7,0.8,77.0
17272,FILADELFIA,16.9,77.5,1.9,2.3,30.2,3.4,14.3,3.7,4.6,2.0,16.7,25.4,13.3,2.1,87.0
17380,LA DORADA,12.7,55.7,1.5,2.5,30.7,10.6,7.8,3.9,4.8,4.2,15.0,4.6,18.4,0.9,83.2
17388,LA MERCED,19.9,73.4,2.4,0.6,26.8,4.0,14.0,4.4,15.7,1.0,12.6,24.5,14.8,1.3,84.2
17433,MANZANARES,15.6,71.8,1.2,5.6,32.0,4.6,20.6,2.8,5.2,1.3,15.7,32.9,12.6,1.5,87.4
17442,MARMATO,13.3,67.9,3.2,4.6,31.2,6.9,37.6,6.7,2.0,4.1,18.9,17.2,18.3,2.6,77.1
17444,MARQUETALIA,17.6,77.6,1.5,7.9,35.5,5.0,12.1,3.4,3.1,0.9,14.5,34.9,12.8,2.3,91.6
17446,MARULANDA,13.3,79.1,1.6,2.0,28.7,2.4,22.4,4.7,9.5,0.3,22.8,30.6,9.5,3.6,80.4
17486,NEIRA,15.9,72.1,2.2,1.5,28.6,5.3,10.5,5.2,5.5,1.8,15.5,11.6,16.7,1.8,83.3
17495,NORCASIA,18.8,66.8,1.3,4.8,45.3,8.4,11.0,2.6,6.7,5.9,21.9,18.9,14.8,1.1,83.5
17513,PÁCORA,18.8,75.8,1.4,1.7,30.0,3.8,13.6,4.3,0.9,1.3,11.1,20.4,11.0,1.8,85.4
17524,PALESTINA,17.4,71.7,2.1,3.4,25.6,5.0,3.0,3.5,7.4,0.8,16.9,11.8,19.5,1.2,76.8
17541,PENSILVANIA,16.1,75.6,1.3,2.8,30.1,3.3,24.9,3.9,11.9,1.3,16.8,33.9,10.5,2.4,88.5
17614,RIOSUCIO,11.0,65.7,1.5,4.6,30.3,6.1,13.0,2.6,5.3,3.1,14.2,10.2,14.6,1.6,86.4
17616,RISARALDA,19.1,78.1,1.4,6.4,27.8,4.5,15.0,4.0,4.7,3.9,17.3,37.8,12.3,2.1,86.4
17653,SALAMINA,15.9,66.8,1.1,3.2,28.8,4.3,18.1,2.5,2.8,1.6,12.0,18.1,13.1,1.1,83.3
17662,SAMANÁ,17.9,76.5,1.8,3.9,32.5,3.6,25.7,4.4,3.5,2.6,13.7,37.1,12.2,2.4,89.9
17665,SAN JOSÉ,20.2,76.2,1.3,6.5,27.4,5.7,16.0,2.6,4.9,1.3,16.7,38.7,15.7,1.8,84.2
17777,SUPÍA,12.2,64.9,1.7,6.0,32.6,6.6,18.9,3.8,1.6,3.4,15.1,15.2,15.2,2.0,82.8
17867,VICTORIA,19.6,68.6,1.7,2.1,30.3,6.7,7.6,4.3,1.5,1.9,18.8,13.3,19.1,1.1,82.6
17873,VILLAMARÍA,7.2,40.3,1.5,5.7,23.1,4.2,8.1,2.2,2.8,1.5,14.7,6.3,17.5,0.7,72.0
17877,VITERBO,14.4,61.7,0.8,3.9,27.9,6.0,4.6,2.6,1.5,1.2,17.3,6.8,17.2,1.4,81.2
18001,FLORENCIA,9.1,47.8,2.3,4.8,35.4,10.7,11.9,4.7,9.5,5.0,18.4,8.6,20.4,1.4,85.0
18029,ALBANIA,12.1,68.7,1.1,4.1,41.6,10.0,17.1,4.7,1.8,11.5,21.4,26.3,12.0,1.9,88.1
18094,BELÉN DE LOS ANDAQUÍES,18.4,67.5,2.7,4.2,55.7,9.1,13.7,7.8,11.0,12.2,18.9,20.8,16.6,1.9,88.6
18150,CARTAGENA DEL CHAIRÁ,16.1,78.8,5.2,7.4,48.5,12.9,26.7,13.3,22.2,16.3,34.0,36.9,22.6,4.4,94.7
18205,CURILLO,18.2,72.3,2.0,10.1,48.1,15.2,26.7,6.1,20.5,4.9,26.7,23.5,15.0,2.9,93.4
18247,EL DONCELLO,14.7,68.2,1.8,11.3,42.8,10.3,8.0,6.0,7.7,10.3,23.8,18.9,14.1,1.9,90.7
18256,EL PAUJÍL,14.7,72.5,1.8,13.7,39.4,8.6,11.5,6.5,7.5,14.8,19.7,31.8,12.7,2.6,90.0
18410,LA MONTAÑITA,16.3,78.3,2.6,8.9,40.1,8.4,15.0,8.7,4.0,17.6,26.9,53.5,17.7,4.0,89.0
18460,MILÁN,18.2,75.8,4.2,5.4,49.0,8.6,41.9,9.0,4.2,23.5,31.4,64.8,18.3,3.4,92.1
18479,MORELIA,13.6,67.8,1.1,7.5,40.2,11.8,12.0,6.2,6.0,11.9,23.0,24.5,13.6,1.5,86.9
18592,PUERTO RICO,17.4,74.9,2.9,12.9,45.5,10.6,16.0,9.3,7.1,17.9,28.8,29.5,17.0,4.0,91.6
18610,SAN JOSÉ DEL FRAGUA,13.4,68.9,2.3,11.6,44.9,12.1,17.3,6.9,10.6,14.5,24.9,23.0,19.3,2.7,89.4
18753,SAN VICENTE DEL CAGUÁN,15.6,74.3,4.8,7.0,39.5,10.4,31.5,10.7,16.9,14.0,33.0,35.6,21.7,4.3,91.2
18756,SOLANO,16.6,72.3,6.0,10.1,56.2,10.6,34.2,14.3,11.0,8.5,37.4,56.5,30.2,3.9,92.0
18785,SOLITA,16.4,76.4,3.2,8.9,40.7,11.5,26.0,7.4,32.1,10.0,29.4,31.2,19.9,4.5,92.6
18860,VALPARAÍSO,15.0,73.6,2.3,4.3,48.3,7.7,26.7,7.8,4.4,13.0,23.8,36.0,15.3,2.3,91.9
19001,POPAYÁN,5.9,37.8,1.4,8.1,31.8,7.4,5.4,2.3,6.1,5.6,11.8,3.1,17.8,0.6,81.4
19022,ALMAGUER,24.2,81.8,1.1,5.3,52.4,7.8,54.2,6.5,0.3,80.4,15.9,56.3,6.9,2.2,94.2
19050,ARGELIA,16.0,82.9,2.9,13.8,35.2,5.5,12.8,9.2,4.3,28.1,19.7,23.9,14.7,4.6,96.3
19075,BALBOA,16.9,80.7,1.8,7.2,35.3,6.5,16.7,7.0,2.2,50.2,16.0,45.4,8.0,3.3,95.1
19100,BOLÍVAR,18.4,78.2,1.4,3.0,42.1,7.3,34.3,5.8,0.5,70.3,14.0,47.7,8.0,2.3,94.7
19110,BUENOS AIRES,15.3,69.1,2.9,5.5,38.7,4.3,17.6,4.9,2.7,35.3,18.5,40.9,15.2,2.8,90.5
19130,CAJIBÍO,20.0,80.3,1.7,7.8,43.1,6.1,30.5,7.7,3.3,43.6,20.2,59.2,9.9,3.6,94.3
19137,CALDONO,21.6,72.8,3.3,11.5,45.9,11.5,30.5,7.2,2.9,49.2,20.0,15.9,13.3,4.9,92.8
19142,CALOTO,13.6,55.7,1.6,5.4,40.2,7.3,18.4,3.0,12.7,36.7,17.1,28.7,12.8,1.9,86.8
19212,CORINTO,15.5,62.7,1.2,5.6,33.6,9.3,11.7,4.6,7.7,26.3,14.6,17.8,14.6,2.3,89.0
19256,EL TAMBO,18.4,80.1,1.8,9.9,40.0,5.5,23.3,5.5,5.9,33.5,15.2,29.0,10.2,2.7,94.3
19290,FLORENCIA,16.0,77.2,0.5,4.7,38.2,7.0,16.3,5.9,0.4,18.3,18.4,9.8,7.5,3.0,95.7
19300,GUACHENÉ,8.5,43.5,1.6,3.3,41.9,4.7,6.8,1.8,1.0,5.8,16.5,7.2,18.1,0.4,79.8
19318,GUAPI,28.8,67.2,10.9,1.4,48.1,9.6,82.2,8.2,32.1,1.8,33.4,78.7,30.8,3.3,93.4
19355,INZÁ,17.5,72.2,2.3,16.1,53.8,5.8,30.3,5.5,1.6,48.7,21.7,24.5,13.9,3.4,92.3
19364,JAMBALÓ,21.7,67.4,1.8,10.8,32.9,6.8,24.4,5.5,1.1,51.9,21.1,23.1,9.7,5.3,93.4
19392,LA SIERRA,16.7,71.7,1.2,5.4,60.3,8.1,31.6,3.1,6.2,60.0,14.6,21.7,11.0,0.9,94.0
19397,LA VEGA,16.9,75.5,1.7,8.4,55.9,6.6,37.7,4.8,0.6,67.3,16.3,31.5,12.2,1.7,91.3
19418,LÓPEZ DE MICAY,27.3,77.4,17.0,6.2,70.0,12.1,58.1,9.8,4.7,1.7,40.1,84.6,34.6,2.2,94.9
19450,MERCADERES,19.1,74.9,0.9,6.1,41.5,7.8,42.0,3.5,1.4,45.9,13.1,29.0,9.3,1.9,94.1
19455,MIRANDA,11.6,52.1,1.8,5.7,31.7,5.8,4.6,3.0,2.9,9.6,14.7,5.8,15.1,1.2,81.6
19473,MORALES,15.9,71.3,2.2,5.8,45.7,5.9,23.4,5.0,9.8,39.0,14.5,37.8,10.2,3.3,93.3
19513,PADILLA,8.4,48.6,1.7,2.0,42.8,5.3,6.2,2.9,1.8,9.7,13.7,6.0,16.1,0.3,81.7
19517,PÁEZ,18.8,72.5,3.4,5.1,48.0,7.9,34.7,7.3,2.9,49.7,22.4,18.4,15.5,4.7,92.6
19532,PATÍA,16.6,67.7,1.5,1.7,49.0,8.2,18.9,3.9,4.1,39.8,16.4,39.4,12.5,1.4,92.8
19533,PIAMONTE,10.1,69.3,2.2,5.3,38.4,7.6,18.2,8.8,17.8,5.9,22.6,25.0,13.6,4.7,90.0
19548,PIENDAMÓ - TUNÍA,13.9,64.8,1.2,4.1,36.5,8.1,15.8,4.0,5.7,16.4,12.1,5.6,10.6,2.2,91.9
19573,PUERTO TEJADA,7.1,39.8,2.1,2.0,30.5,7.5,1.5,3.9,0.3,2.3,11.8,1.9,20.6,0.5,81.7
19585,PURACÉ,12.4,66.3,1.5,8.2,38.3,9.5,34.7,4.0,2.6,20.0,17.4,19.8,11.5,2.4,90.2
19622,ROSAS,17.1,75.1,1.3,3.0,52.1,4.6,9.5,3.7,5.6,37.6,11.0,33.6,11.0,1.1,93.5
19693,SAN SEBASTIÁN,14.1,74.7,1.2,5.6,43.6,6.9,20.1,4.6,0.3,71.7,12.9,19.5,9.0,2.1,91.5
19698,SANTANDER DE QUILICHAO,8.7,49.6,1.6,4.7,30.0,6.5,6.7,3.2,7.4,18.6,13.0,10.1,15.4,1.8,85.8
19701,SANTA ROSA,11.9,72.0,1.6,28.1,60.0,8.9,58.7,5.6,5.0,29.6,24.4,32.4,16.0,3.2,88.2
19743,SILVIA,18.6,67.7,3.0,6.5,35.9,8.9,34.6,4.9,1.0,36.6,17.1,19.7,12.0,4.9,92.2
19760,SOTARÁ PAISPAMBA,9.7,67.2,1.3,3.3,38.2,6.8,28.6,4.4,3.0,37.4,12.6,14.4,11.4,1.7,88.2
19780,SUÁREZ,13.1,69.9,2.6,5.1,37.1,7.5,19.2,8.2,1.9,32.8,14.0,55.1,12.8,3.3,91.8
19785,SUCRE,20.9,75.8,0.8,1.8,89.1,6.4,36.5,4.5,1.3,82.0,16.7,65.2,7.7,0.1,96.6
19807,TIMBÍO,12.6,63.8,1.3,17.8,44.9,8.9,8.4,3.0,8.0,13.9,14.1,4.1,12.4,1.1,91.0
19809,TIMBIQUÍ,28.4,70.1,9.4,5.6,54.9,15.7,76.1,7.9,21.3,2.4,38.1,78.2,26.0,2.9,94.5
19821,TORIBÍO,19.9,68.1,2.8,4.6,36.7,4.7,26.4,6.2,8.6,39.6,16.1,28.6,10.6,5.5,95.5
19824,TOTORÓ,13.2,69.5,2.2,7.2,57.9,14.7,38.7,4.7,2.4,47.4,19.6,24.3,11.7,2.7,92.2
19845,VILLA RICA,6.0,41.9,1.8,4.2,35.4,7.3,6.6,2.5,0.9,5.2,11.7,42.0,18.2,0.4,79.1
20001,VALLEDUPAR,10.8,37.8,3.1,9.0,39.8,19.5,13.3,5.8,4.4,8.6,20.5,7.9,20.2,0.9,87.5
20011,AGUACHICA,17.1,54.1,1.8,12.2,38.0,21.2,12.6,4.6,5.3,9.6,22.7,7.0,17.5,1.7,87.6
20013,AGUSTÍN CODAZZI,22.0,59.2,3.2,8.5,44.9,24.1,19.7,7.7,4.7,15.7,22.1,15.7,17.9,1.5,88.1
20032,ASTREA,21.2,62.1,3.2,2.8,54.3,24.3,27.5,5.7,6.2,32.0,29.3,19.2,20.4,1.2,91.1
20045,BECERRIL,19.2,55.8,4.2,10.2,53.1,29.2,33.6,7.0,4.3,23.7,25.0,14.9,18.1,1.9,88.3
20060,BOSCONIA,19.8,58.3,2.4,4.2,46.3,29.4,18.2,6.6,16.2,18.0,23.3,11.4,15.5,1.9,87.4
20175,CHIMICHAGUA,25.8,66.0,2.4,4.8,49.7,19.8,29.5,5.3,3.2,30.1,26.6,10.6,17.3,1.7,92.9
20178,CHIRIGUANÁ,20.1,54.6,2.8,5.3,48.7,23.0,16.8,5.0,3.4,19.1,21.1,10.2,15.1,1.3,87.4
20228,CURUMANÍ,20.5,61.0,2.5,6.4,47.7,23.1,15.5,8.1,8.0,18.8,20.8,8.0,17.9,1.6,90.0
20238,EL COPEY,23.4,62.4,2.5,9.7,49.6,24.9,15.8,5.8,3.9,13.1,23.3,7.5,20.0,1.3,87.5
20250,EL PASO,16.2,52.5,3.2,8.0,52.4,22.3,11.8,5.2,2.1,19.9,23.7,8.2,17.7,1.3,82.2
20295,GAMARRA,21.4,63.7,1.2,14.5,53.1,18.6,35.5,3.5,8.3,15.3,22.2,4.2,13.4,0.9,85.7
20310,GONZÁLEZ,34.8,76.0,1.3,7.6,37.6,17.4,40.3,7.6,0.0,19.1,24.0,45.3,10.0,3.8,93.3
20383,LA GLORIA,25.1,65.6,2.4,1.4,46.2,16.5,18.8,5.8,8.9,17.6,20.8,12.2,17.4,1.6,84.5
20400,LA JAGUA DE IBIRICO,14.6,48.1,2.5,0.9,43.1,16.3,11.2,6.0,9.3,13.6,19.1,10.0,17.5,1.6,85.5
20443,MANAURE BALCÓN DEL CESAR,20.7,55.3,1.9,5.2,43.8,20.6,30.9,4.1,4.5,16.1,18.8,14.2,16.5,1.4,90.8
20517,PAILITAS,24.0,67.1,1.5,2.8,50.7,25.6,15.0,5.5,6.0,14.3,19.2,18.1,12.4,1.0,92.3
20550,PELAYA,26.8,68.0,2.4,8.6,47.4,21.3,22.0,5.9,5.5,13.9,26.1,9.1,18.9,1.7,87.9
20570,PUEBLO BELLO,34.4,74.4,9.8,12.2,68.8,34.2,52.2,22.9,4.6,51.5,41.4,53.4,23.5,1.7,94.9
20614,RÍO DE ORO,28.7,68.2,1.8,14.9,39.1,14.5,16.4,4.9,1.2,11.8,18.2,29.1,16.9,2.5,86.5
20621,LA PAZ,18.8,55.9,3.2,7.5,40.7,24.0,20.7,5.5,8.7,15.5,21.7,21.5,16.5,2.1,91.6
20710,SAN ALBERTO,14.5,58.3,2.6,4.3,31.3,15.8,12.2,5.2,3.3,3.9,23.5,5.3,16.5,1.6,76.2
20750,SAN DIEGO,20.3,58.5,2.7,6.6,44.2,20.5,13.6,5.2,2.0,11.3,23.2,9.9,15.4,1.9,91.4
20770,SAN MARTÍN,20.6,69.6,3.2,5.9,42.3,15.8,11.0,7.4,9.4,13.2,25.8,4.4,17.8,1.8,74.9
20787,TAMALAMEQUE,23.3,62.5,2.3,7.6,47.9,19.9,27.4,4.1,2.8,21.9,19.0,5.0,19.4,1.6,91.2
23001,MONTERÍA,11.8,41.2,1.9,2.8,35.3,14.0,18.0,3.6,4.8,14.3,16.8,9.4,16.4,0.8,86.2
23068,AYAPEL,27.4,68.1,2.7,6.2,51.7,20.3,61.5,5.6,14.2,43.5,25.8,66.1,13.1,1.7,92.7
23079,BUENAVISTA,27.6,69.9,2.4,3.9,56.0,17.5,45.5,7.5,13.4,40.7,25.5,13.8,14.6,1.4,90.6
23090,CANALETE,31.7,77.5,2.6,3.6,46.1,19.8,32.2,4.6,12.7,71.9,31.7,59.3,14.1,1.9,93.6
23162,CERETÉ,16.1,48.7,1.5,5.5,40.1,18.5,36.8,3.4,8.1,24.5,14.8,8.7,13.0,0.6,88.0
23168,CHIMÁ,34.7,64.4,1.4,2.0,59.3,12.1,21.2,3.3,11.4,48.2,14.8,58.8,13.0,0.6,95.1
23182,CHINÚ,27.3,64.3,1.8,0.8,50.6,16.4,15.5,3.8,11.7,27.5,16.2,5.2,14.7,1.0,93.5
23189,CIÉNAGA DE ORO,32.4,64.5,2.2,1.8,46.5,20.1,36.0,6.6,14.7,40.6,17.4,18.0,13.8,1.0,91.8
23300,COTORRA,22.7,59.0,1.4,7.0,44.1,16.8,38.6,3.2,4.0,23.0,16.5,7.2,11.1,1.1,91.5
23350,LA APARTADA,28.8,68.1,2.0,2.4,47.8,21.6,36.2,5.0,11.2,15.8,25.7,31.9,15.2,1.1,86.9
23417,LORICA,20.8,54.5,1.8,3.2,44.1,15.6,30.2,3.4,8.2,38.6,15.7,17.0,16.5,0.8,92.6
23419,LOS CÓRDOBAS,25.5,75.0,2.2,2.8,43.6,14.4,26.7,5.1,13.0,72.9,26.6,70.4,12.3,1.4,93.5
23464,MOMIL,23.5,54.9,1.5,5.1,45.6,17.0,29.9,4.3,3.0,33.4,14.8,20.2,13.0,0.8,93.4
23466,MONTELÍBANO,16.8,54.5,2.9,5.1,43.7,17.9,23.6,4.2,8.1,22.1,24.4,28.3,13.7,1.2,86.7
23500,MOÑITOS,25.5,66.8,2.1,3.8,56.6,18.0,67.0,4.6,18.2,68.9,21.1,60.4,15.7,1.5,95.5
23555,PLANETA RICA,23.2,58.1,1.7,3.0,41.6,17.4,15.4,4.6,9.7,25.2,19.0,26.2,14.7,1.1,90.1
23570,PUEBLO NUEVO,27.4,65.9,1.8,0.5,52.3,17.6,29.8,3.4,11.1,48.0,24.7,9.8,13.4,0.8,90.1
23574,PUERTO ESCONDIDO,26.7,72.9,3.6,5.9,51.2,20.3,51.4,5.1,10.3,71.4,25.3,76.2,14.9,1.3,94.8
23580,PUERTO LIBERTADOR,24.4,70.6,4.0,5.9,51.8,16.6,44.4,6.9,8.9,50.8,23.8,29.0,14.7,2.3,90.4
23586,PURÍSIMA DE LA CONCEPCIÓN,28.9,60.0,2.2,2.0,62.7,21.3,29.8,5.0,10.7,36.5,13.8,34.4,14.3,0.6,94.2
23660,SAHAGÚN,22.9,58.2,1.7,3.6,41.8,16.3,19.4,2.9,8.3,36.1,16.2,17.3,13.6,0.9,90.9
23670,SAN ANDRÉS DE SOTAVENTO,41.0,69.7,2.6,2.4,69.5,24.1,71.7,7.9,52.1,74.6,19.7,63.4,12.5,0.7,95.3
23672,SAN ANTERO,21.5,55.6,2.6,5.2,54.0,18.9,31.9,3.3,8.5,29.7,16.3,29.4,16.3,0.6,91.7
23675,SAN BERNARDO DEL VIENTO,24.8,68.5,1.5,3.5,49.0,14.4,53.7,4.5,12.0,44.7,24.2,34.7,12.2,1.2,94.7
23678,SAN CARLOS,28.0,71.2,1.7,5.1,48.4,16.2,39.1,3.6,9.8,53.3,19.9,38.7,10.6,0.8,92.5
23682,SAN JOSÉ DE URÉ,26.2,70.3,4.7,6.9,46.1,21.4,37.3,6.2,16.1,42.7,31.4,39.4,16.5,2.3,88.1
23686,SAN PELAYO,18.8,57.4,1.2,2.7,49.6,12.7,31.0,3.4,7.8,54.7,13.6,43.4,13.0,0.6,92.7
23807,TIERRALTA,28.0,70.4,3.3,7.0,49.0,24.7,57.4,8.9,14.8,38.4,30.0,40.4,13.6,3.3,94.0
23815,TUCHÍN,45.5,75.4,2.3,3.6,60.2,24.3,70.6,6.8,66.6,82.9,24.9,44.7,11.6,1.9,95.7
23855,VALENCIA,25.3,69.1,1.7,0.7,46.1,16.5,34.9,5.6,11.5,55.6,19.1,32.6,11.7,1.7,93.7
25001,AGUA DE DIOS,9.6,55.7,0.9,1.2,33.2,7.8,3.4,1.8,1.2,2.6,9.2,3.9,12.0,0.4,80.2
25019,ALBÁN,9.8,65.0,0.9,9.5,29.0,4.6,5.7,2.1,1.9,2.5,16.5,16.8,13.3,0.6,79.5
25035,ANAPOIMA,9.2,58.9,1.4,4.2,21.9,7.9,6.6,2.1,5.4,4.5,14.5,23.2,13.6,1.2,77.3
25040,ANOLAIMA,14.1,67.9,1.5,3.1,27.3,5.3,8.9,2.0,3.3,5.7,11.9,12.1,12.2,0.9,85.6
25053,ARBELÁEZ,8.2,60.1,1.3,1.8,25.7,6.2,4.4,3.6,1.9,5.6,16.0,11.4,12.0,1.5,84.0
25086,BELTRÁN,18.9,74.8,0.6,1.5,48.1,6.7,7.9,1.7,0.9,4.4,17.1,20.0,12.5,0.8,78.9
25095,BITUIMA,16.9,78.4,0.7,0.2,26.4,3.7,9.5,2.7,1.1,8.1,13.5,27.8,12.6,1.3,86.1
25099,BOJACÁ,7.3,52.7,1.8,9.0,20.9,8.8,1.5,2.5,0.9,0.8,18.4,5.4,16.2,1.1,70.0
25120,CABRERA,11.7,72.1,1.0,4.5,28.6,7.6,8.9,3.2,1.4,2.8,16.1,61.3,13.0,4.5,93.1
25123,CACHIPAY,12.0,63.7,1.1,4.6,24.5,5.0,6.1,2.0,4.6,3.8,12.3,9.3,13.3,1.6,84.6
25126,CAJICÁ,2.6,24.7,2.0,3.9,16.9,4.1,0.6,2.5,0.3,0.2,15.6,0.3,14.3,0.8,67.2
25148,CAPARRAPÍ,19.4,81.1,1.5,0.8,27.6,3.5,22.1,8.7,2.9,25.6,14.2,44.9,11.5,2.5,93.0
25151,CÁQUEZA,6.3,60.0,2.4,1.3,28.8,5.1,5.1,4.1,0.4,3.1,9.3,36.4,10.9,0.9,85.0
25154,CARMEN DE CARUPA,9.8,78.8,2.0,1.7,46.8,7.3,9.0,3.5,0.4,8.0,14.1,15.2,9.6,1.8,88.0
25168,CHAGUANÍ,20.5,76.4,1.1,40.2,44.3,3.3,16.1,1.5,3.3,27.8,13.6,49.4,10.3,0.6,89.6
25175,CHÍA,2.6,23.9,1.6,4.0,18.5,4.5,2.8,1.8,0.6,0.2,13.3,0.4,16.2,0.5,69.6
25178,CHIPAQUE,8.6,69.5,1.5,0.9,34.5,7.7,5.0,3.1,0.4,5.6,17.1,42.4,11.2,1.6,86.9
25181,CHOACHÍ,5.7,61.1,1.4,5.6,36.4,5.1,6.4,1.8,0.6,2.3,10.8,12.2,12.1,1.3,86.2
25183,CHOCONTÁ,9.4,65.1,1.9,6.0,30.0,9.3,5.3,3.8,0.3,2.6,22.8,12.3,11.8,2.1,81.8
25200,COGUA,6.8,51.5,1.7,5.1,23.2,4.5,0.6,1.9,0.0,0.3,13.3,3.3,13.3,0.7,72.6
25214,COTA,3.5,28.2,1.6,6.6,17.1,6.5,3.2,1.6,0.7,0.3,18.4,3.9,15.1,0.8,70.4
25224,CUCUNUBÁ,13.3,71.0,1.8,6.5,34.9,6.8,9.4,2.8,0.6,7.9,18.2,11.9,10.3,1.4,63.5
25245,EL COLEGIO,11.5,63.7,1.1,3.6,26.9,4.2,1.7,2.3,1.4,2.8,11.4,4.3,13.1,0.7,82.4
25258,EL PEÑÓN,21.0,80.8,1.5,0.3,42.8,2.7,9.5,6.1,11.3,30.6,9.6,69.2,8.5,0.7,93.0
25260,EL ROSAL,3.4,51.0,2.4,3.1,17.5,13.4,0.3,3.6,0.1,0.1,15.3,2.0,15.4,1.1,64.0
25269,FACATATIVÁ,4.4,36.1,2.0,3.9,19.4,6.4,0.6,2.4,0.4,0.4,13.2,1.9,16.4,0.8,68.5
25279,FÓMEQUE,8.9,70.2,2.1,16.3,27.8,4.7,4.7,3.8,0.5,4.6,13.3,10.7,11.8,2.4,87.1
25281,FOSCA,9.4,78.7,1.4,2.0,40.2,7.4,6.8,5.6,0.1,6.7,18.1,63.9,6.7,3.0,90.6
25286,FUNZA,3.0,28.6,1.9,2.3,18.0,6.0,0.4,2.8,0.2,0.1,15.8,0.3,15.4,0.5,66.3
25288,FÚQUENE,11.4,67.8,1.6,2.9,27.3,3.8,2.7,3.0,0.4,1.4,19.4,19.9,11.5,1.3,81.4
25290,FUSAGASUGÁ,5.3,43.3,1.6,2.4,26.6,4.6,1.3,2.7,0.5,0.5,9.7,2.4,15.7,0.8,80.7
25293,GACHALÁ,14.4,70.1,0.6,10.0,57.4,5.9,17.9,1.7,2.1,15.2,14.6,53.3,9.9,0.7,87.8
25295,GACHANCIPÁ,4.9,40.3,3.1,1.1,20.0,8.3,0.9,2.7,0.3,0.3,20.1,2.1,14.8,0.9,61.2
25297,GACHETÁ,11.5,68.9,1.4,1.6,48.5,5.2,14.6,3.6,0.7,8.9,11.6,43.1,11.6,0.6,85.9
25299,GAMA,9.0,74.0,1.1,1.2,45.7,3.7,8.7,5.2,0.2,6.9,10.6,69.0,10.2,1.2,87.4
25307,GIRARDOT,6.5,40.1,1.7,3.0,25.7,8.5,1.5,4.0,2.2,1.8,9.0,0.6,15.9,0.7,78.6
25312,GRANADA,7.8,60.0,2.0,4.6,20.9,4.7,3.3,2.2,1.0,1.1,16.5,14.4,14.6,1.9,84.6
25317,GUACHETÁ,10.8,70.3,1.5,0.5,36.6,10.7,8.4,3.7,0.4,3.0,14.8,9.1,10.5,0.7,68.9
25320,GUADUAS,12.1,61.9,2.2,4.4,28.5,5.3,6.6,2.6,2.5,5.3,13.3,28.5,16.7,1.0,80.2
25322,GUASCA,7.5,54.3,2.4,3.7,17.1,5.0,2.5,2.4,0.4,0.5,18.4,7.7,17.7,1.7,71.8
25324,GUATAQUÍ,16.3,72.9,0.7,4.8,51.9,9.0,9.8,1.7,1.7,5.2,9.4,22.4,9.7,0.4,83.1
25326,GUATAVITA,8.0,61.4,1.7,21.7,38.3,4.5,12.3,1.5,0.1,2.3,15.7,18.1,12.8,0.7,80.9
25328,GUAYABAL DE SÍQUIMA,12.4,70.8,1.1,2.6,40.9,4.8,5.3,1.7,2.5,4.7,13.1,19.2,11.8,0.8,86.4
25335,GUAYABETAL,9.9,64.5,1.9,2.5,31.1,5.5,2.3,2.0,0.8,5.5,17.1,49.1,12.0,1.3,76.5
25339,GUTIÉRREZ,9.5,69.0,1.8,13.0,29.5,9.3,3.2,3.6,0.8,4.8,14.3,52.5,9.2,4.4,92.3
25368,JERUSALÉN,13.7,75.6,1.4,1.1,34.6,6.6,10.2,1.8,1.7,12.7,11.9,57.5,8.3,0.8,88.1
25372,JUNÍN,10.4,76.4,1.7,0.6,75.4,3.6,15.7,6.1,0.5,12.0,10.6,45.3,13.9,0.2,92.7
25377,LA CALERA,3.2,32.9,1.9,4.0,18.9,2.8,1.3,1.5,0.3,0.4,13.3,10.7,13.7,0.5,70.4
25386,LA MESA,9.7,53.6,1.4,4.3,21.3,5.3,4.6,2.5,4.0,4.8,12.4,10.0,12.7,0.8,80.2
25394,LA PALMA,26.8,74.5,1.3,1.8,34.6,3.1,12.6,3.0,8.2,26.8,6.7,42.1,10.3,0.6,89.5
25398,LA PEÑA,25.5,84.7,0.9,0.8,27.4,3.3,29.0,2.0,11.0,33.8,11.4,68.5,9.3,1.7,94.2
25402,LA VEGA,10.2,57.5,1.6,3.5,22.5,4.5,3.3,2.2,2.1,2.5,15.3,25.3,12.9,1.7,81.9
25407,LENGUAZAQUE,9.0,75.3,1.6,2.7,41.3,7.3,12.7,2.8,0.4,2.2,18.2,24.5,10.3,1.0,67.7
25426,MACHETÁ,14.3,74.8,1.4,3.2,35.4,6.4,17.7,3.1,0.7,21.4,15.6,34.9,11.4,1.4,89.0
25430,MADRID,3.8,33.6,2.2,5.6,17.7,7.4,0.2,2.9,0.2,0.1,17.7,0.7,15.8,0.9,62.2
25436,MANTA,15.8,77.1,0.8,2.4,40.5,2.9,9.2,1.4,0.2,14.6,11.8,26.1,10.6,0.5,88.8
25438,MEDINA,12.7,72.4,1.4,6.1,34.7,9.6,7.8,4.7,1.8,15.7,18.0,35.8,11.7,2.3,88.2
25473,MOSQUERA,2.7,27.4,2.3,7.4,18.9,5.8,0.3,3.2,0.1,0.1,17.4,1.3,16.7,0.6,66.3
25483,NARIÑO,19.3,71.2,0.7,0.8,40.1,9.4,5.3,1.2,0.9,2.4,9.3,23.7,10.0,0.5,82.3
25486,NEMOCÓN,6.9,55.7,3.2,1.8,21.4,6.5,0.8,2.5,0.2,0.4,18.2,1.0,13.9,1.6,67.4
25488,NILO,9.1,47.3,2.0,2.0,32.9,4.6,1.8,2.6,2.5,2.9,12.0,24.6,16.6,0.4,82.6
25489,NIMAIMA,19.7,73.0,1.0,0.5,27.6,3.2,6.3,1.5,4.6,11.4,9.8,33.4,10.2,1.1,87.3
25491,NOCAIMA,8.7,66.0,1.2,7.0,26.7,4.3,6.9,1.9,4.4,10.9,6.9,38.2,11.9,0.9,85.4
25506,VENECIA,14.4,73.8,1.1,13.5,24.4,5.6,8.1,3.4,2.1,3.1,12.0,38.9,14.1,1.6,91.5
25513,PACHO,12.9,64.4,1.3,4.7,30.5,4.7,7.3,2.6,2.4,5.0,14.2,29.8,12.4,1.1,84.5
25518,PAIME,22.7,79.6,1.0,1.5,43.0,4.6,31.0,3.3,6.6,19.2,16.5,71.3,14.3,1.5,92.0
25524,PANDI,12.0,74.4,1.6,5.8,30.4,6.2,8.7,2.7,1.9,5.9,13.8,38.1,12.8,1.6,90.3
25530,PARATEBUENO,12.2,69.6,3.1,10.0,30.8,11.6,6.4,5.5,3.8,7.2,21.5,24.4,20.5,2.1,76.1
25535,PASCA,12.3,76.8,1.4,2.9,24.8,6.4,9.2,3.9,0.9,1.8,22.4,26.3,12.5,4.0,94.1
25572,PUERTO SALGAR,14.5,55.5,2.3,3.3,38.2,10.1,5.4,2.2,1.5,4.2,14.2,7.9,23.4,0.6,83.6
25580,PULÍ,19.3,81.0,0.9,1.3,32.6,2.8,12.9,2.4,1.0,12.7,14.7,55.1,14.0,1.0,90.8
25592,QUEBRADANEGRA,20.0,73.1,1.0,3.7,27.5,3.0,10.6,1.9,2.7,9.7,14.5,37.9,11.5,1.2,87.5
25594,QUETAME,11.2,62.9,3.0,1.7,43.4,6.9,12.4,4.4,0.6,6.1,12.4,43.7,17.0,1.8,87.0
25596,QUIPILE,20.9,81.6,1.2,5.6,33.6,4.8,32.6,2.4,4.4,20.0,15.0,25.6,13.4,0.9,92.3
25599,APULO,13.5,66.2,1.2,1.0,32.3,10.4,7.3,2.1,10.4,14.3,11.3,28.7,11.9,0.7,82.2
25612,RICAURTE,9.6,54.2,1.5,0.5,29.9,7.2,2.3,2.5,5.5,3.2,10.6,2.6,13.2,0.7,73.8
25645,SAN ANTONIO DEL TEQUENDAMA,10.9,65.1,1.1,0.3,31.6,3.2,2.3,2.4,1.2,3.3,14.3,23.1,12.8,0.6,83.1
25649,SAN BERNARDO,10.5,71.7,1.7,8.6,31.3,5.3,16.8,1.9,2.1,2.2,15.1,35.3,12.2,1.8,91.9
25653,SAN CAYETANO,15.0,78.4,1.8,1.0,25.2,3.7,3.9,3.7,0.3,1.8,16.8,71.8,11.9,2.7,92.9
25658,SAN FRANCISCO,8.4,56.4,1.6,2.0,28.2,4.7,4.3,2.5,1.1,1.8,8.9,18.8,13.4,0.9,81.3
25662,SAN JUAN DE RIOSECO,18.0,73.3,1.5,2.1,33.0,4.1,7.8,3.5,1.6,10.8,12.5,32.9,13.9,0.7,85.7
25718,SASAIMA,10.6,63.8,1.5,3.4,24.9,4.6,15.9,2.1,3.4,5.0,12.7,20.9,11.9,0.5,77.6
25736,SESQUILÉ,7.0,52.3,2.6,3.4,26.6,4.2,1.5,1.8,0.2,1.0,18.4,12.3,16.6,0.8,73.9
25740,SIBATÉ,4.5,41.5,2.2,6.4,23.8,6.4,0.8,5.1,0.3,0.8,16.0,0.5,16.5,1.2,76.6
25743,SILVANIA,9.8,62.9,1.6,2.7,28.3,5.7,6.4,2.2,1.5,2.7,9.8,23.8,12.9,1.5,85.7
25745,SIMIJACA,9.7,58.5,1.6,6.5,31.3,6.9,2.0,1.9,0.5,2.4,18.3,5.1,14.2,1.1,84.5
25754,SOACHA,3.8,35.2,2.9,4.1,22.3,6.4,7.6,3.2,1.1,1.0,14.0,6.5,20.7,0.8,73.8
25758,SOPÓ,3.5,30.2,1.5,7.0,15.7,4.6,1.4,1.9,0.2,0.1,15.4,1.7,16.1,0.6,67.9
25769,SUBACHOQUE,6.1,55.0,1.3,4.8,18.7,3.3,1.0,2.0,0.5,0.3,11.3,4.6,14.7,1.5,76.7
25772,SUESCA,6.2,56.5,2.7,3.8,20.9,6.1,1.6,2.5,0.3,1.2,13.9,1.4,14.7,0.9,66.6
25777,SUPATÁ,12.2,71.0,1.3,9.1,25.3,4.3,6.2,2.9,2.7,7.8,14.4,25.4,12.2,2.1,87.9
25779,SUSA,7.7,68.9,1.6,1.8,37.9,5.8,5.9,3.6,0.5,7.5,13.1,15.8,13.6,2.1,87.4
25781,SUTATAUSA,12.0,67.3,1.4,5.1,30.2,5.5,2.7,2.4,0.5,2.0,18.9,6.0,12.1,1.0,68.3
25785,TABIO,4.3,38.4,2.5,3.0,19.1,2.7,0.9,2.7,0.2,0.4,12.6,3.0,16.5,1.1,72.3
25793,TAUSA,10.7,76.7,2.0,0.5,37.3,4.8,1.0,4.5,0.2,0.7,15.8,20.0,10.4,1.4,72.8
25797,TENA,10.3,66.2,1.6,5.3,23.1,3.2,2.1,1.8,2.5,3.1,10.9,7.2,13.3,0.9,82.5
25799,TENJO,4.2,41.8,1.5,6.8,17.8,4.5,1.1,2.7,0.4,0.8,14.4,0.7,14.8,1.2,68.4
25805,TIBACUY,14.0,67.7,0.9,5.4,32.0,3.5,5.8,1.5,3.2,10.1,14.2,32.2,11.9,0.9,88.3
25807,TIBIRITA,12.8,76.5,0.6,1.0,66.6,3.8,19.7,1.5,0.4,24.3,12.5,46.3,10.5,0.3,90.5
25815,TOCAIMA,12.8,63.1,1.2,4.2,34.3,8.8,6.3,2.4,2.7,6.9,9.8,13.4,10.7,0.9,82.1
25817,TOCANCIPÁ,3.7,33.6,2.9,4.7,17.6,5.7,0.6,2.3,0.1,0.2,17.1,0.4,14.8,0.7,63.8
25823,TOPAIPÍ,23.0,82.1,0.7,5.5,28.1,2.4,22.6,1.4,16.9,26.5,16.0,63.7,11.1,1.2,91.9
25839,UBALÁ,16.4,74.8,1.6,3.4,37.8,5.7,28.8,4.6,1.3,13.5,15.3,69.0,11.7,2.0,88.9
25841,UBAQUE,12.9,77.2,1.2,2.8,34.1,5.3,8.2,4.4,4.2,13.4,10.2,37.6,10.5,2.4,89.8
25843,VILLA DE SAN DIEGO DE UBATÉ,5.9,50.4,1.9,2.2,24.3,6.3,2.1,3.0,0.7,0.8,16.5,2.0,13.8,1.2,75.8
25845,UNE,9.4,72.4,1.2,10.4,32.7,12.0,4.1,2.2,0.6,1.7,16.1,18.9,7.8,2.0,92.1
25851,ÚTICA,20.6,71.7,1.1,2.2,31.4,6.9,18.4,1.0,7.6,12.1,11.4,34.8,9.6,0.5,88.2
25862,VERGARA,21.6,82.4,1.0,0.2,44.4,3.5,17.0,3.1,12.7,32.5,8.8,60.0,9.0,0.7,92.7
25867,VIANÍ,13.2,73.5,1.8,3.3,30.3,4.5,8.7,2.0,4.0,7.9,14.6,35.9,12.1,1.5,89.7
25871,VILLAGÓMEZ,15.8,70.4,0.6,10.2,28.2,4.3,6.4,1.9,5.1,4.5,18.0,49.4,13.5,1.3,88.2
25873,VILLAPINZÓN,7.5,67.6,1.2,6.7,39.0,8.9,13.4,3.0,0.3,1.9,22.9,10.9,11.8,2.6,88.0
25875,VILLETA,9.6,54.1,1.4,2.6,24.4,6.9,3.9,2.7,3.4,3.9,13.1,10.9,14.2,0.8,79.9
25878,VIOTÁ,16.6,74.3,1.4,11.3,30.4,6.4,10.2,1.8,6.2,8.7,16.1,23.5,13.7,1.7,89.4
25885,YACOPÍ,33.2,82.3,1.9,2.2,39.3,3.4,30.0,3.9,5.4,35.6,16.3,52.6,12.9,1.5,93.7
25898,ZIPACÓN,10.9,61.0,1.9,0.4,24.1,5.1,2.2,2.2,2.0,2.1,16.9,12.8,12.4,1.0,81.7
25899,ZIPAQUIRÁ,4.1,34.0,2.0,6.7,19.8,4.8,0.7,2.2,0.1,0.2,14.3,1.3,15.2,0.8,69.7
27001,QUIBDÓ,14.9,39.8,4.0,5.1,45.4,8.5,80.6,5.7,18.6,1.6,18.6,74.7,19.8,1.8,88.6
27006,ACANDÍ,15.1,66.1,3.9,3.6,46.1,10.8,37.6,6.8,14.6,19.4,25.3,37.4,14.5,2.1,92.2
27025,ALTO BAUDÓ,47.0,84.0,16.1,1.0,83.8,40.2,83.3,14.1,47.2,3.7,48.5,73.3,40.5,1.2,97.9
27050,ATRATO,28.2,67.2,2.6,8.5,49.7,5.1,73.5,3.9,7.1,2.9,22.0,55.6,16.4,1.6,92.6
27073,BAGADÓ,39.3,77.2,20.3,14.0,69.1,23.6,74.8,9.3,9.8,2.8,36.5,66.3,37.4,1.7,93.0
27075,BAHÍA SOLANO,16.8,57.9,5.5,3.7,40.0,13.6,30.5,5.3,32.7,0.5,24.2,11.4,18.4,1.7,90.5
27077,BAJO BAUDÓ,43.5,77.6,13.5,5.7,68.0,27.5,81.7,10.9,28.2,2.0,43.1,59.7,28.3,1.6,94.5
27099,BOJAYÁ,30.3,75.3,14.4,3.7,68.6,24.9,75.3,8.4,7.0,2.8,42.0,78.3,24.3,2.0,95.9
27135,EL CANTÓN DEL SAN PABLO,26.6,68.4,7.3,5.7,54.4,5.6,44.2,6.6,14.9,6.3,23.6,66.0,18.6,1.9,95.8
27150,CARMEN DEL DARIÉN,25.9,79.3,11.3,2.8,59.8,16.5,81.9,12.3,16.6,22.5,37.3,80.3,23.1,3.6,95.3
27160,CÉRTEGUI,28.3,66.5,4.9,1.0,50.1,3.2,60.3,6.9,8.5,3.3,23.5,59.8,24.8,2.8,94.8
27205,CONDOTO,19.3,53.8,3.0,7.0,58.7,6.0,47.1,3.6,8.6,3.2,18.5,67.9,18.7,1.1,92.5
27245,EL CARMEN DE ATRATO,23.8,72.5,6.3,2.9,40.9,8.6,49.4,7.6,1.8,2.5,26.0,38.4,21.1,1.8,81.6
27250,EL LITORAL DEL SAN JUAN,33.6,76.4,21.8,9.1,71.3,23.8,81.0,9.0,10.9,5.1,42.3,74.3,36.7,1.5,95.4
27361,ISTMINA,19.6,53.5,5.4,3.9,45.0,8.3,86.7,4.8,17.3,1.2,23.0,96.3,23.2,1.1,90.5
27372,JURADÓ,23.2,68.8,8.3,8.9,72.2,22.7,54.5,9.4,31.4,1.4,36.7,29.5,25.1,1.3,96.3
27413,LLORÓ,38.6,76.4,6.9,2.9,62.6,24.1,73.1,9.2,13.6,2.0,25.2,79.5,19.6,4.0,95.7
27425,MEDIO ATRATO,35.3,83.2,7.2,2.9,46.4,8.2,57.7,15.5,11.7,3.0,35.5,84.0,23.6,5.5,94.7
27430,MEDIO BAUDÓ,42.6,80.6,12.2,2.2,61.6,15.4,80.7,12.0,19.1,2.1,39.0,77.9,25.8,2.1,97.1
27450,MEDIO SAN JUAN,32.4,72.7,9.2,6.0,54.0,9.4,68.6,4.6,10.6,2.3,26.3,86.7,21.5,0.7,92.1
27491,NÓVITA,29.2,72.6,7.4,6.2,36.1,5.3,64.5,7.5,7.9,2.3,23.5,59.3,18.9,3.2,95.2
27495,NUQUÍ,31.0,72.6,10.0,4.2,63.5,26.0,69.2,8.4,21.9,2.1,41.7,37.7,28.5,2.2,94.7
27580,RÍO IRÓ,43.0,77.4,7.0,9.0,71.0,11.0,73.0,5.7,13.3,6.4,25.7,20.9,21.6,1.2,95.7
27600,RÍO QUITO,36.2,76.0,7.3,5.1,51.9,7.4,56.8,9.6,3.4,3.4,28.6,74.6,17.4,2.3,97.1
27615,RIOSUCIO,22.7,77.1,6.6,3.4,50.1,13.3,78.1,10.7,28.0,24.0,25.8,76.4,22.6,3.6,95.0
27660,SAN JOSÉ DEL PALMAR,28.0,80.8,3.6,4.4,34.9,9.8,49.9,12.2,11.5,5.5,25.7,41.0,14.7,8.2,93.1
27745,SIPÍ,28.9,70.8,6.5,12.5,46.6,6.5,44.8,6.8,16.1,1.7,31.1,86.9,19.7,2.0,91.9
27787,TADÓ,24.8,65.1,4.2,5.0,53.7,8.0,63.1,5.5,3.5,3.7,21.3,60.1,20.1,1.4,92.5
27800,UNGUÍA,19.3,70.2,6.6,8.2,50.9,14.7,51.3,8.3,13.7,32.2,35.3,40.2,18.7,3.2,94.2
27810,UNIÓN PANAMERICANA,19.8,57.6,3.3,18.5,44.2,6.6,58.4,3.6,14.6,3.5,22.6,82.4,17.6,1.4,92.6
41001,NEIVA,6.6,37.8,1.9,3.8,29.8,7.3,3.9,2.9,3.5,3.4,14.8,2.7,19.4,0.8,79.4
41006,ACEVEDO,11.1,77.2,3.4,4.4,39.8,8.1,33.3,10.8,5.7,19.8,21.1,39.5,14.3,6.9,95.6
41013,AGRADO,19.3,72.4,1.7,13.8,47.3,9.3,8.0,6.0,6.7,13.9,23.3,23.6,15.4,3.4,92.0
41016,AIPE,16.4,62.0,1.7,8.5,42.7,12.3,7.5,3.5,4.5,10.8,18.2,17.1,14.5,1.2,85.1
41020,ALGECIRAS,17.3,74.9,1.6,4.7,36.2,10.5,17.9,7.9,2.1,18.1,23.6,28.6,13.8,4.3,92.8
41026,ALTAMIRA,10.8,61.7,1.2,6.5,39.9,9.6,5.2,3.0,1.0,4.3,16.9,9.6,15.1,1.1,87.5
41078,BARAYA,20.5,75.8,1.4,0.4,58.9,9.4,17.4,5.4,1.7,18.1,17.9,28.1,12.2,1.3,91.8
41132,CAMPOALEGRE,14.7,65.0,1.6,8.3,33.8,13.3,7.8,4.2,1.2,9.5,16.0,12.2,12.0,2.0,87.0
41206,COLOMBIA,19.9,80.7,1.9,3.5,62.8,6.9,28.4,9.1,0.9,24.1,21.2,38.6,13.4,2.7,94.9
41244,ELÍAS,13.1,74.4,1.6,0.6,41.5,5.6,12.5,6.3,1.1,6.0,15.2,15.8,11.5,3.6,91.2
41298,GARZÓN,11.1,62.0,1.8,5.9,34.0,7.0,7.6,5.4,3.1,8.8,18.6,8.9,14.7,2.7,88.4
41306,GIGANTE,14.5,68.4,1.5,7.0,36.9,7.6,9.4,4.4,2.1,10.6,19.8,13.6,16.7,2.4,89.5
41319,GUADALUPE,15.4,76.6,3.1,3.9,38.7,7.8,13.5,7.1,8.4,17.1,19.2,21.0,12.9,4.5,93.8
41349,HOBO,13.8,72.5,2.1,7.2,35.3,15.4,13.1,5.8,8.8,17.0,17.6,22.2,15.2,2.8,86.5
41357,ÍQUIRA,15.8,75.6,2.6,2.0,43.1,12.3,26.1,7.7,3.7,27.3,22.9,32.2,13.9,4.3,92.2
41359,ISNOS,15.2,76.3,1.1,17.1,35.8,6.9,18.2,7.6,3.4,17.0,20.2,18.0,9.6,6.2,95.2
41378,LA ARGENTINA,12.2,73.4,2.0,7.7,41.2,9.4,13.3,6.3,1.8,19.7,22.6,20.3,11.2,4.2,93.2
41396,LA PLATA,12.5,65.2,1.9,7.3,39.5,9.6,17.7,5.7,3.9,21.4,20.2,21.2,14.7,3.1,90.8
41483,NÁTAGA,15.0,73.5,2.8,19.4,35.9,10.7,22.3,5.1,1.7,19.6,22.4,27.0,13.5,4.9,91.8
41503,OPORAPA,15.7,78.7,1.4,15.0,49.4,8.3,53.7,9.0,1.7,12.4,22.4,16.1,11.7,6.2,93.6
41518,PAICOL,12.0,68.0,1.8,5.7,44.0,7.1,9.7,4.6,1.3,12.3,20.5,26.2,15.5,3.1,88.3
41524,PALERMO,13.2,62.0,2.0,6.4,38.1,8.3,4.6,3.9,2.4,8.9,19.6,18.4,15.8,1.4,84.5
41530,PALESTINA,14.5,79.0,1.4,10.5,41.4,8.4,36.0,6.9,1.5,16.9,24.8,30.8,11.0,4.1,94.5
41548,PITAL,12.7,74.8,2.4,4.6,36.3,7.4,16.7,7.1,2.2,17.2,19.6,28.7,16.3,4.6,92.5
41551,PITALITO,9.3,59.3,2.5,6.8,37.0,7.9,6.5,6.4,2.2,5.3,20.5,12.9,17.6,2.9,88.0
41615,RIVERA,11.5,57.6,1.4,4.5,36.9,8.1,3.0,4.3,1.2,8.7,15.4,7.9,15.5,1.3,83.0
41660,SALADOBLANCO,16.3,79.7,2.1,11.0,47.6,8.2,31.6,11.3,1.7,11.1,31.0,24.4,13.3,7.4,94.8
41668,SAN AGUSTÍN,13.9,70.7,1.7,7.9,34.1,7.6,11.9,6.1,1.0,11.0,19.4,16.7,12.5,3.1,92.6
41676,SANTA MARÍA,15.5,75.8,2.9,10.1,34.0,11.2,24.5,7.3,4.5,34.4,21.1,49.9,12.3,4.9,92.6
41770,SUAZA,12.4,74.9,2.0,1.8,36.8,5.9,26.7,7.0,2.8,22.1,19.8,33.9,11.2,3.9,94.6
41791,TARQUI,12.9,74.8,1.9,8.1,47.8,7.8,24.6,6.6,8.4,13.2,22.4,19.6,12.9,3.1,93.6
41797,TESALIA,12.3,64.2,0.9,13.5,43.4,10.7,6.6,3.0,0.7,7.4,17.3,15.6,14.2,2.0,84.9
41799,TELLO,19.9,77.8,1.3,0.8,44.2,11.5,13.0,5.8,1.2,16.3,18.5,18.3,14.2,2.8,92.5
41801,TERUEL,17.0,74.5,3.7,3.1,34.6,11.2,9.4,5.3,0.6,8.9,21.0,33.0,11.0,3.8,89.7
41807,TIMANÁ,13.5,70.2,1.1,7.8,41.1,9.0,32.5,5.0,4.2,6.6,18.6,11.9,12.9,3.2,91.7
41872,VILLAVIEJA,18.4,73.7,1.3,6.8,46.5,13.1,13.5,2.7,1.7,12.5,15.3,11.2,11.7,1.3,87.5
41885,YAGUARÁ,14.5,60.5,1.6,1.7,43.3,7.0,3.3,2.3,2.5,2.7,9.7,10.0,14.2,0.7,81.4
44001,RIOHACHA,18.7,48.3,4.9,4.5,45.2,25.1,38.0,7.0,14.1,26.6,23.7,23.8,20.2,2.0,89.3
44035,ALBANIA,19.5,51.2,5.7,2.3,53.0,28.7,38.5,5.5,7.4,34.1,24.4,21.6,26.7,0.9,83.7
44078,BARRANCAS,15.0,48.8,3.9,1.9,52.3,25.8,24.4,4.7,15.6,34.8,22.5,31.0,24.0,1.0,89.2
44090,DIBULLA,35.4,70.4,7.1,4.6,53.5,32.6,40.9,18.1,13.0,41.2,37.8,38.0,16.5,5.1,91.0
44098,DISTRACCIÓN,16.1,45.3,3.8,3.3,54.6,21.5,20.0,5.2,2.6,26.5,16.5,6.7,21.2,0.8,90.8
44110,EL MOLINO,17.9,48.6,1.6,0.8,47.9,25.8,19.8,5.3,0.6,13.2,21.6,17.0,20.0,0.5,91.9
44279,FONSECA,11.4,40.5,4.4,4.9,48.2,20.8,12.4,6.1,4.7,11.4,26.7,15.3,21.6,1.1,89.8
44378,HATONUEVO,13.6,46.1,5.3,3.5,55.3,27.3,23.0,6.9,4.1,35.2,20.0,18.3,24.1,1.0,88.2
44420,LA JAGUA DEL PILAR,21.9,55.5,5.0,8.6,47.4,17.3,14.6,4.7,2.7,20.5,26.3,18.6,17.5,1.9,89.2
44430,MAICAO,21.4,60.2,4.8,2.3,56.3,33.8,53.4,9.1,21.0,38.2,25.3,52.6,21.1,1.5,95.3
44560,MANAURE,49.2,81.3,10.6,2.7,67.1,41.1,89.6,9.7,44.1,82.6,35.9,65.2,27.5,2.6,95.4
44650,SAN JUAN DEL CESAR,14.8,46.8,3.9,4.4,44.9,22.7,24.8,5.4,3.8,13.1,19.6,16.1,19.1,1.2,91.1
44847,URIBIA,49.5,85.6,10.8,2.3,75.6,43.2,95.0,18.5,57.5,86.7,37.2,88.1,26.7,2.0,97.1
44855,URUMITA,14.2,42.0,3.8,1.9,51.9,21.3,12.9,4.8,2.3,15.0,16.9,12.9,21.5,0.7,90.9
44874,VILLANUEVA,13.8,44.0,3.0,3.6,48.9,22.1,10.6,4.1,2.4,9.1,19.8,5.4,17.4,0.8,91.6
47001,SANTA MARTA,7.1,34.2,2.5,3.7,35.6,19.4,13.9,5.5,2.4,3.1,18.0,18.4,16.5,0.8,87.1
47030,ALGARROBO,26.9,67.6,2.7,14.7,49.9,26.7,72.0,5.9,2.4,12.3,23.5,7.4,16.6,1.4,82.5
47053,ARACATACA,22.7,60.6,3.1,1.6,49.0,26.1,41.5,8.4,5.8,12.8,26.0,22.8,19.9,1.5,87.3
47058,ARIGUANÍ,26.0,65.6,2.9,3.6,38.2,24.9,79.7,6.8,5.7,27.2,26.2,34.2,16.1,2.0,93.2
47161,CERRO DE SAN ANTONIO,38.5,73.2,2.4,2.9,44.9,24.7,81.7,5.9,6.5,25.0,18.1,5.4,16.2,3.0,93.0
47170,CHIVOLO,25.7,69.2,2.7,0.9,44.6,18.5,40.6,5.6,8.5,38.4,22.7,39.9,15.1,2.2,94.9
47189,CIÉNAGA,16.0,51.7,4.1,6.3,44.6,29.1,31.8,7.2,7.3,15.2,23.8,15.7,22.9,1.2,89.9
47205,CONCORDIA,38.8,76.9,1.2,2.7,54.4,14.4,54.3,3.8,5.1,23.5,20.5,54.3,11.4,0.3,96.2
47245,EL BANCO,22.3,62.9,2.0,11.1,44.4,22.1,53.2,4.5,7.7,32.7,25.4,35.6,15.3,1.8,92.1
47258,EL PIÑÓN,31.4,71.9,1.8,5.2,48.0,10.9,19.8,4.5,4.6,30.2,21.1,18.2,12.6,0.9,93.9
47268,EL RETÉN,30.1,68.3,2.6,2.9,56.7,30.8,80.6,7.7,7.9,15.8,28.6,7.0,18.8,1.1,89.1
47288,FUNDACIÓN,19.7,55.6,3.5,4.4,46.0,24.3,21.2,8.4,2.4,11.0,27.9,13.4,18.8,1.2,91.6
47318,GUAMAL,29.0,68.7,2.8,3.8,52.5,17.2,33.9,5.7,6.1,38.3,24.6,16.0,22.6,1.2,93.9
47460,NUEVA GRANADA,28.4,76.5,3.3,2.6,44.9,22.1,29.1,7.3,6.8,49.3,34.3,75.2,16.5,2.4,95.7
47541,PEDRAZA,28.7,75.1,4.5,0.0,53.1,13.1,28.2,14.6,4.9,35.0,19.5,19.0,16.7,0.9,93.5
47545,PIJIÑO DEL CARMEN,23.3,65.7,2.6,6.6,56.6,26.5,37.6,4.4,14.5,50.9,25.4,25.6,16.7,1.5,93.3
47551,PIVIJAY,29.0,68.9,2.0,5.1,43.6,21.1,23.7,4.7,1.1,16.0,22.8,37.8,13.4,1.6,93.0
47555,PLATO,25.8,61.8,2.2,3.6,38.8,24.4,64.5,4.9,5.8,31.2,27.1,18.4,14.6,1.9,93.6
47570,PUEBLOVIEJO,25.4,62.0,2.3,3.4,54.0,20.8,55.2,5.3,5.5,16.3,21.8,70.0,17.6,0.9,94.0
47605,REMOLINO,28.7,66.8,1.9,0.1,39.3,21.8,78.8,5.8,3.9,20.6,18.1,4.0,11.5,1.0,92.0
47660,SABANAS DE SAN ÁNGEL,38.0,78.8,4.9,0.3,46.9,23.7,52.8,11.3,4.6,55.1,35.6,42.4,21.4,2.4,92.7
47675,SALAMINA,25.6,68.3,0.8,6.1,52.0,20.6,19.2,2.8,3.2,17.7,20.7,5.2,9.5,0.5,92.7
47692,SAN SEBASTIÁN DE BUENAVISTA,24.8,68.3,3.7,3.8,62.2,20.9,56.0,8.7,5.3,48.0,26.2,25.7,16.7,0.8,94.9
47703,SAN ZENÓN,27.1,71.3,3.1,6.6,49.9,22.4,30.1,5.4,0.9,31.5,29.4,14.5,17.8,2.0,93.1
47707,SANTA ANA,22.5,64.5,2.0,1.6,44.5,20.9,29.9,5.7,4.4,31.6,21.6,21.1,14.4,1.5,93.4
47720,SANTA BÁRBARA DE PINTO,29.6,71.6,1.4,4.2,49.5,18.8,49.4,4.7,3.9,32.7,24.6,21.1,14.6,1.7,93.3
47745,SITIONUEVO,33.2,74.6,4.9,1.6,65.0,25.6,75.2,11.1,5.6,28.5,27.1,36.6,19.9,1.1,93.1
47798,TENERIFE,28.7,67.4,1.8,3.8,46.7,24.3,41.3,5.3,5.9,38.7,24.5,33.1,16.8,1.2,92.4
47960,ZAPAYÁN,34.7,77.9,1.8,2.8,47.9,22.5,70.6,8.0,19.7,41.8,21.5,53.5,15.9,1.8,95.6
47980,ZONA BANANERA,22.2,68.5,4.1,3.3,44.2,19.0,18.2,7.0,11.9,19.4,28.5,26.1,19.6,1.5,80.2
50001,VILLAVICENCIO,5.2,38.8,2.0,3.7,31.8,6.3,5.2,2.8,1.6,1.3,12.7,6.7,17.5,0.9,82.3
50006,ACACÍAS,6.8,45.4,2.0,6.5,32.1,6.7,1.5,2.8,1.0,1.8,15.3,4.4,17.1,0.8,78.8
50110,BARRANCA DE UPÍA,10.7,62.1,3.1,14.2,35.2,14.2,4.8,3.3,5.3,8.1,22.3,13.4,22.4,1.6,72.6
50124,CABUYARO,12.9,62.8,2.4,12.9,34.1,9.3,5.8,4.9,8.5,10.9,20.3,8.5,17.8,1.5,72.7
50150,CASTILLA LA NUEVA,8.1,49.6,2.1,4.1,36.8,7.1,4.5,2.6,5.0,2.6,23.0,6.9,14.4,1.2,71.3
50223,CUBARRAL,9.5,55.8,1.4,2.0,32.3,5.6,6.8,3.4,1.2,2.5,16.4,13.8,12.4,1.3,85.3
50226,CUMARAL,8.6,52.7,1.6,5.1,31.2,6.9,3.0,3.1,3.0,3.5,17.2,17.6,14.6,0.9,78.0
50245,EL CALVARIO,4.8,66.5,1.5,1.5,47.7,3.0,3.4,3.2,0.6,2.4,12.5,27.4,12.8,0.9,88.1
50251,EL CASTILLO,16.8,77.0,2.5,2.7,35.3,12.1,9.4,5.6,5.9,15.6,21.5,21.6,13.4,2.7,92.6
50270,EL DORADO,13.1,65.6,1.2,3.7,38.3,5.9,4.7,2.4,2.1,10.1,13.9,9.8,11.4,1.7,89.0
50287,FUENTE DE ORO,16.7,68.6,1.8,3.5,34.3,9.4,5.8,5.3,4.7,9.2,16.7,13.7,12.7,1.8,88.5
50313,GRANADA,9.2,57.3,1.9,3.1,32.5,8.2,8.4,4.3,3.8,4.7,17.6,37.5,16.0,1.5,88.1
50318,GUAMAL,8.5,50.4,2.1,9.6,31.0,8.2,4.8,2.4,2.4,2.4,15.9,3.4,16.2,1.3,81.0
50325,MAPIRIPÁN,20.9,80.3,8.9,3.4,45.1,17.5,47.0,10.4,26.5,42.8,26.1,43.0,21.8,2.1,85.1
50330,MESETAS,16.1,76.5,2.5,14.1,32.4,8.5,11.9,7.2,2.8,20.6,18.4,30.0,12.1,3.5,88.6
50350,LA MACARENA,13.9,81.5,5.7,8.3,49.2,7.5,33.8,12.9,11.3,20.6,29.4,68.7,22.7,4.8,94.8
50370,URIBE,19.7,85.3,2.1,5.6,36.3,6.6,35.3,10.1,10.9,38.8,23.7,57.1,15.0,5.0,91.9
50400,LEJANÍAS,14.5,76.5,2.1,7.1,34.7,6.6,4.7,5.7,4.1,12.4,21.1,25.9,13.2,2.5,92.9
50450,PUERTO CONCORDIA,15.6,76.8,3.1,9.0,43.0,10.2,33.5,7.2,14.5,33.0,22.0,42.7,13.6,1.7,89.2
50568,PUERTO GAITÁN,13.3,60.5,8.0,4.8,45.4,22.5,34.2,9.7,12.1,27.5,27.8,37.8,21.9,1.5,76.7
50573,PUERTO LÓPEZ,12.1,59.7,2.7,7.0,38.2,12.4,6.8,4.5,7.5,12.1,16.8,13.0,16.4,1.2,78.4
50577,PUERTO LLERAS,14.2,75.7,2.0,4.8,31.4,9.7,22.8,6.2,8.0,27.5,17.9,39.9,12.9,3.0,87.7
50590,PUERTO RICO,15.8,77.3,1.6,9.9,30.1,9.4,20.9,4.6,8.1,29.3,19.3,52.6,15.9,2.3,86.0
50606,RESTREPO,5.7,41.7,1.9,3.6,27.3,6.4,2.7,2.3,0.9,1.1,13.8,6.3,16.3,1.0,78.8
50680,SAN CARLOS DE GUAROA,10.0,68.0,2.9,11.4,32.5,10.6,3.4,5.9,5.6,6.6,19.7,10.3,16.9,1.7,69.9
50683,SAN JUAN DE ARAMA,13.4,70.5,1.4,8.1,35.2,8.8,4.2,4.0,2.8,17.8,20.4,23.3,10.9,1.5,86.2
50686,SAN JUANITO,3.6,61.9,1.7,8.6,48.6,13.3,9.9,6.9,0.3,15.5,21.5,28.5,18.8,3.0,89.2
50689,SAN MARTÍN,9.2,59.2,1.8,4.2,34.3,7.6,2.7,3.4,6.6,8.6,15.9,6.2,14.5,1.0,79.3
50711,VISTAHERMOSA,18.5,79.2,2.5,6.3,32.1,8.1,16.4,6.1,7.1,28.9,22.8,33.0,17.1,3.7,91.6
52001,PASTO,7.1,41.0,1.1,5.8,26.4,8.8,2.8,2.6,0.5,2.3,13.1,1.5,15.0,0.8,81.8
52019,ALBÁN,14.6,69.1,0.5,7.1,53.9,7.1,6.6,2.7,0.7,46.9,8.6,23.5,7.6,0.9,92.2
52022,ALDANA,10.3,70.6,1.0,6.4,36.9,10.9,26.7,3.1,0.3,7.4,15.7,15.6,7.3,1.2,89.9
52036,ANCUYA,13.0,69.2,0.5,8.6,28.2,7.2,11.5,1.6,0.0,11.8,5.3,1.8,6.6,1.0,89.6
52051,ARBOLEDA,25.2,75.8,1.5,2.0,58.2,12.3,15.4,4.0,0.6,35.6,13.9,30.3,14.8,0.6,94.1
52079,BARBACOAS,33.5,78.3,6.2,5.5,53.0,16.2,79.7,12.2,16.9,2.8,38.3,87.7,21.5,4.1,95.4
52083,BELÉN,13.9,65.9,0.4,10.8,48.5,15.9,7.5,1.9,0.2,13.5,13.6,7.6,8.6,0.3,93.6
52110,BUESACO,18.3,77.8,1.0,5.2,34.7,9.2,15.5,5.2,0.3,26.9,15.8,26.4,8.6,3.4,91.0
52203,COLÓN,23.1,78.4,1.1,4.7,37.9,3.3,11.8,5.6,1.1,38.0,13.4,21.4,7.4,2.8,93.4
52207,CONSACÁ,18.0,73.7,0.8,0.8,40.9,7.2,13.0,2.3,0.4,39.0,14.2,5.5,8.8,0.8,91.1
52210,CONTADERO,12.1,70.5,1.0,2.2,47.6,14.9,35.3,3.5,0.1,60.4,14.4,10.1,8.3,1.9,92.3
52215,CÓRDOBA,14.0,70.3,1.4,4.1,40.9,16.9,36.2,3.8,0.4,55.9,16.6,9.1,7.5,2.3,94.1
52224,CUASPUD CARLOSAMA,12.3,77.4,1.5,0.4,55.8,17.8,58.1,6.4,1.9,43.3,12.6,47.0,8.0,1.0,94.4
52227,CUMBAL,15.3,68.4,1.5,0.7,45.8,10.3,12.6,3.9,1.7,13.2,11.7,10.0,9.2,1.7,93.7
52233,CUMBITARA,14.0,76.9,1.2,1.8,46.4,7.8,18.9,10.0,3.5,10.6,15.7,17.2,8.2,2.3,93.5
52240,CHACHAGÜÍ,18.2,68.8,1.3,4.6,36.8,13.0,4.1,2.6,1.6,9.6,16.7,6.6,12.3,1.2,89.1
52250,EL CHARCO,31.5,75.6,7.0,6.0,52.9,15.5,89.3,9.2,27.9,4.8,38.4,79.7,26.6,4.7,95.7
52254,EL PEÑOL,24.6,80.4,0.9,5.4,30.2,6.0,19.7,4.2,1.8,44.7,12.7,36.8,6.8,1.5,92.9
52256,EL ROSARIO,17.1,80.3,0.8,8.3,53.4,8.2,9.6,3.3,0.4,55.3,14.8,23.3,6.5,1.5,94.6
52258,EL TABLÓN DE GÓMEZ,15.5,76.0,0.6,8.2,48.8,9.0,34.9,5.5,1.0,52.6,18.3,46.4,7.2,2.1,94.6
52260,EL TAMBO,15.9,74.0,0.6,1.5,37.9,11.4,8.6,3.0,1.0,28.9,10.9,14.8,6.8,2.3,91.3
52287,FUNES,18.1,75.3,0.7,12.0,41.1,14.0,18.8,3.1,0.2,51.7,12.2,10.7,6.0,1.0,91.4
52317,GUACHUCAL,16.7,72.7,1.3,1.3,48.9,9.2,10.3,3.0,0.3,13.1,9.2,7.2,8.7,0.8,93.1
52320,GUAITARILLA,13.1,78.3,0.6,6.2,32.3,12.0,7.2,3.1,0.1,35.9,15.6,3.3,5.3,1.8,91.8
52323,GUALMATÁN,9.4,67.4,0.6,3.9,47.4,12.6,10.5,1.8,0.2,29.9,15.6,2.7,5.7,1.1,92.8
52352,ILES,14.3,75.9,1.1,1.5,47.8,19.3,23.6,4.1,0.9,55.4,12.9,10.5,6.5,1.4,93.6
52354,IMUÉS,15.3,71.1,1.2,4.8,54.2,8.4,19.4,2.2,0.3,28.1,10.3,23.3,9.6,0.8,91.2
52356,IPIALES,9.6,57.0,1.4,3.4,28.4,11.7,13.4,3.5,0.4,9.1,15.3,11.7,11.7,1.7,89.8
52378,LA CRUZ,18.1,70.1,0.5,2.8,39.9,9.2,3.4,3.4,0.0,23.6,9.9,1.5,6.6,0.9,92.4
52381,LA FLORIDA,21.6,77.0,0.6,4.3,66.7,12.5,60.0,2.4,1.7,59.3,11.6,5.9,7.5,0.5,94.1
52385,LA LLANADA,10.0,67.1,1.3,1.8,54.7,9.2,9.5,2.6,2.8,19.1,15.1,22.8,7.4,0.6,94.5
52390,LA TOLA,31.2,70.0,5.5,6.6,54.3,10.8,91.9,7.1,14.8,4.7,35.9,98.4,27.4,3.0,97.0
52399,LA UNIÓN,17.9,67.5,1.1,3.4,52.6,11.1,49.4,3.9,1.6,36.9,13.0,39.7,9.1,1.1,93.4
52405,LEIVA,22.0,79.1,1.1,5.5,46.5,10.6,21.3,5.9,2.2,43.1,21.0,38.9,9.5,3.2,95.1
52411,LINARES,17.9,76.7,0.5,6.0,35.5,8.7,14.1,3.1,0.3,14.6,14.1,9.2,5.5,2.2,91.4
52418,LOS ANDES,16.0,76.3,0.9,13.4,48.0,10.9,9.0,3.1,2.3,31.8,15.6,14.7,8.1,1.1,93.8
52427,MAGÜÍ,34.5,82.3,10.0,7.6,69.7,18.4,82.7,19.9,23.7,5.1,53.3,95.9,27.0,4.4,98.6
52435,MALLAMA,14.8,70.0,1.3,1.7,42.8,7.0,51.4,3.4,1.0,5.6,14.7,21.7,9.0,0.8,90.1
52473,MOSQUERA,23.5,65.6,7.7,3.8,43.5,4.6,98.0,6.6,42.7,1.1,29.0,96.3,35.6,3.9,95.4
52480,NARIÑO,11.2,71.2,1.2,1.4,47.9,19.0,36.3,1.7,1.7,16.0,18.2,3.6,9.7,0.6,90.1
52490,OLAYA HERRERA,27.4,74.1,8.1,5.9,52.2,13.7,95.0,10.5,40.7,3.8,40.0,90.4,25.8,4.2,96.9
52506,OSPINA,11.8,75.8,0.8,1.5,40.2,12.7,7.9,3.8,0.0,30.3,12.8,3.5,5.8,0.8,92.1
52520,FRANCISCO PIZARRO,29.8,73.1,3.5,5.3,45.9,8.3,82.9,6.9,53.5,0.9,34.0,65.3,19.8,3.3,94.0
52540,POLICARPA,15.5,78.2,0.7,3.4,32.9,8.7,18.8,4.8,2.4,16.8,23.3,16.8,8.4,4.3,94.6
52560,POTOSÍ,11.4,77.3,1.4,1.4,27.8,15.0,5.0,4.1,0.1,18.9,17.6,0.7,7.7,2.8,94.8
52565,PROVIDENCIA,8.8,68.2,1.4,0.8,74.1,10.0,20.0,3.5,1.3,67.3,10.5,23.7,6.0,0.3,95.2
52573,PUERRES,10.3,67.4,0.9,3.1,49.3,13.7,17.2,2.3,0.1,28.3,13.9,9.7,7.4,0.9,90.9
52585,PUPIALES,8.4,73.8,1.3,3.9,38.8,14.0,26.6,3.9,0.3,20.8,14.0,12.4,8.1,1.8,91.8
52612,RICAURTE,33.1,75.6,5.4,3.3,53.8,17.5,79.8,12.2,24.7,7.2,33.5,67.5,19.1,4.3,94.1
52621,ROBERTO PAYÁN,34.6,82.6,8.4,6.6,63.8,9.0,56.2,11.9,14.0,6.8,38.8,86.7,30.2,3.6,97.9
52678,SAMANIEGO,20.0,73.1,0.9,5.5,47.0,9.7,29.4,4.5,7.5,41.4,13.9,25.4,5.9,1.5,93.9
52683,SANDONÁ,18.8,70.0,1.0,3.3,33.3,10.0,4.8,3.4,0.5,19.3,15.8,1.3,8.9,1.1,91.2
52685,SAN BERNARDO,17.6,76.7,0.7,7.0,71.3,9.4,18.9,2.9,0.3,37.9,16.2,42.5,8.1,0.7,95.2
52687,SAN LORENZO,20.7,80.3,1.1,9.8,44.9,9.5,12.7,4.2,0.6,69.4,17.6,36.8,7.0,1.7,93.5
52693,SAN PABLO,21.3,73.0,0.5,5.9,37.2,6.9,18.6,3.3,0.2,22.6,13.4,41.0,7.0,1.6,91.5
52694,SAN PEDRO DE CARTAGO,23.3,79.6,0.6,6.7,38.2,9.0,67.6,4.7,0.3,37.4,19.7,69.6,5.5,2.3,90.5
52696,SANTA BÁRBARA,26.0,76.4,7.6,3.3,54.8,10.0,97.0,7.1,34.5,0.6,32.7,90.9,23.8,2.3,95.9
52699,SANTACRUZ,18.7,82.2,2.7,6.3,63.4,15.6,40.7,7.6,4.7,37.3,21.4,44.5,10.0,1.6,95.7
52720,SAPUYES,12.5,80.4,0.7,2.3,54.1,17.8,8.3,2.2,0.2,31.5,17.2,8.7,7.1,0.9,94.1
52786,TAMINANGO,26.1,74.2,0.9,1.9,33.3,8.6,13.0,2.6,0.8,24.3,14.4,16.0,9.6,1.7,93.9
52788,TANGUA,16.0,79.2,1.2,1.4,57.1,15.7,14.7,5.4,0.1,31.3,15.3,8.0,8.1,0.7,89.5
52835,SAN ANDRÉS DE TUMACO,19.5,61.7,3.9,4.1,43.9,8.6,73.1,6.3,25.4,3.0,23.1,58.3,19.5,2.5,91.6
52838,TÚQUERRES,11.7,71.5,1.0,4.2,35.1,13.9,18.8,3.7,0.6,19.2,17.7,9.8,9.1,1.5,93.4
52885,YACUANQUER,18.1,73.9,1.0,13.4,45.7,12.4,10.9,2.6,0.2,40.6,18.4,6.7,9.0,1.3,88.3
54001,SAN JOSÉ DE CÚCUTA,8.4,46.7,2.2,5.2,34.3,16.4,5.8,4.6,6.1,3.6,17.0,3.9,17.5,1.1,87.0
54003,ÁBREGO,31.6,79.9,3.5,8.4,40.0,15.4,16.7,8.7,0.5,18.8,30.5,29.5,14.5,5.2,95.8
54051,ARBOLEDAS,21.5,78.6,2.6,4.4,37.4,12.4,35.0,7.1,1.0,23.6,19.4,49.0,13.4,4.8,91.6
54099,BOCHALEMA,15.2,64.2,1.9,5.4,37.9,9.1,3.6,3.4,0.7,7.7,21.1,23.8,15.0,1.7,84.4
54109,BUCARASICA,27.7,84.2,3.2,9.7,41.8,15.7,61.6,9.7,0.7,28.6,24.6,56.5,13.8,6.7,91.6
54125,CÁCOTA,12.6,76.3,1.6,5.3,34.4,17.9,17.0,3.6,0.0,27.6,17.6,59.0,14.1,3.8,90.1
54128,CÁCHIRA,20.3,78.2,2.6,1.3,38.7,10.2,45.5,7.9,1.5,15.9,24.2,60.9,16.0,3.9,92.6
54172,CHINÁCOTA,9.0,51.9,1.9,10.0,37.4,13.5,7.7,2.6,1.2,3.8,16.7,18.4,16.1,1.0,86.4
54174,CHITAGÁ,16.1,78.0,2.4,13.1,44.2,20.8,20.8,6.5,1.2,20.6,23.6,38.9,13.8,4.8,94.3
54206,CONVENCIÓN,30.3,78.0,5.2,16.1,42.1,17.4,38.1,10.6,2.8,20.9,31.6,49.1,18.4,5.7,94.3
54223,CUCUTILLA,25.2,78.1,2.2,1.9,58.6,12.1,32.6,9.7,0.5,55.5,20.3,72.9,16.3,1.8,93.1
54239,DURANIA,21.0,68.5,1.3,0.8,39.2,15.6,16.5,4.7,1.9,16.4,15.1,33.7,15.8,1.7,87.1
54245,EL CARMEN,36.9,83.1,5.2,6.9,42.1,21.4,39.6,12.0,2.6,37.9,30.3,55.3,16.1,6.3,93.3
54250,EL TARRA,27.4,83.3,5.6,15.1,45.1,22.8,53.2,13.9,9.9,30.3,30.4,42.5,19.5,6.5,96.2
54261,EL ZULIA,16.8,69.7,1.8,4.2,44.9,18.7,15.2,5.6,3.7,8.2,18.1,14.7,15.7,2.0,89.1
54313,GRAMALOTE,12.6,68.7,1.7,5.2,35.7,7.8,14.3,4.7,1.1,10.0,11.7,42.1,17.0,2.7,83.3
54344,HACARÍ,34.8,88.5,4.2,9.9,36.5,16.7,46.0,15.6,0.4,36.2,39.1,72.9,12.8,11.3,95.5
54347,HERRÁN,8.9,74.8,2.9,6.4,37.9,21.6,14.0,3.8,2.1,3.4,15.7,67.9,26.2,2.1,90.7
54377,LABATECA,16.8,74.4,1.5,2.9,39.8,10.9,10.5,3.5,0.6,14.2,16.9,28.6,16.4,3.0,88.0
54385,LA ESPERANZA,25.6,77.9,3.0,10.0,39.0,13.4,31.8,8.4,2.3,14.7,30.4,34.7,16.1,3.3,85.0
54398,LA PLAYA,41.9,85.8,2.2,1.8,35.2,15.5,9.5,13.0,0.2,17.4,29.1,67.9,9.2,7.7,95.7
54405,LOS PATIOS,6.2,39.6,2.2,7.5,31.4,13.5,4.6,3.2,2.2,1.7,14.3,3.6,20.3,0.9,83.4
54418,LOURDES,17.4,77.7,1.9,2.7,34.7,16.0,14.5,10.0,0.9,9.6,21.4,30.7,18.2,5.1,86.3
54480,MUTISCUA,13.6,75.0,1.9,6.1,34.4,10.6,15.9,3.8,0.1,9.4,16.2,50.7,13.0,3.0,93.2
54498,OCAÑA,18.4,54.1,2.3,8.5,33.9,10.9,7.2,4.7,1.9,4.0,17.3,7.0,16.0,2.2,89.3
54518,PAMPLONA,7.9,39.6,1.5,4.9,37.7,7.8,2.9,2.2,0.3,3.4,12.3,7.0,19.0,0.9,85.3
54520,PAMPLONITA,14.4,72.0,2.2,9.4,35.9,9.8,13.4,3.4,0.2,11.0,16.2,50.9,12.0,2.5,86.1
54553,PUERTO SANTANDER,20.2,74.7,3.8,7.0,29.8,25.4,6.8,7.5,4.7,3.2,23.6,4.6,18.1,3.2,95.5
54599,RAGONVALIA,14.1,69.9,1.3,3.0,38.5,15.5,12.1,4.9,1.4,5.2,19.2,36.3,16.2,2.7,93.1
54660,SALAZAR,23.6,73.3,2.9,8.4,39.3,14.1,19.1,5.2,0.9,12.2,21.6,27.4,13.7,4.1,88.0
54670,SAN CALIXTO,35.8,86.1,5.1,29.4,39.5,16.8,45.2,13.1,1.3,30.3,37.8,53.9,13.2,8.5,95.4
54673,SAN CAYETANO,17.7,62.3,1.5,3.8,47.6,13.7,6.2,5.0,3.2,7.5,18.7,11.6,16.3,0.7,82.5
54680,SANTIAGO,15.0,69.3,2.3,6.3,48.2,18.1,12.3,4.3,0.6,6.9,24.1,31.9,16.9,1.5,85.5
54720,SARDINATA,21.0,76.3,3.1,2.1,42.9,16.6,27.2,9.0,1.1,30.6,23.9,39.4,17.9,3.8,91.1
54743,SILOS,14.0,81.3,2.9,1.7,33.6,12.7,16.4,8.4,0.1,10.2,21.1,41.5,13.5,4.3,95.0
54800,TEORAMA,29.8,83.5,5.1,9.8,42.1,14.9,55.1,13.8,1.4,45.6,30.2,54.7,15.6,5.5,94.1
54810,TIBÚ,21.2,73.9,5.2,3.7,38.9,18.8,35.0,11.7,13.2,32.3,25.6,29.5,24.0,4.5,89.7
54820,TOLEDO,16.3,72.4,2.1,1.6,50.1,13.5,26.4,4.9,1.5,23.0,20.3,38.8,18.4,2.6,87.0
54871,VILLA CARO,27.7,83.5,4.0,5.3,52.4,11.4,11.8,12.8,0.2,15.8,28.4,43.0,14.3,4.6,92.0
54874,VILLA DEL ROSARIO,7.4,46.3,2.4,2.7,34.0,18.9,4.2,4.6,3.3,2.4,15.3,14.5,17.8,1.0,88.3
63001,ARMENIA,5.9,38.0,1.7,3.4,26.5,4.3,1.4,2.8,3.4,0.7,8.8,1.0,21.2,0.5,77.2
63111,BUENAVISTA,13.4,67.5,2.8,3.3,33.0,5.7,3.1,3.1,4.3,2.0,12.7,18.9,11.9,1.4,84.6
63130,CALARCÁ,9.5,50.5,1.5,5.8,29.4,5.1,3.7,3.1,5.2,0.8,11.7,3.9,19.2,0.8,80.2
63190,CIRCASIA,10.0,50.8,1.5,2.7,25.9,4.6,1.1,2.6,4.1,1.1,12.2,0.9,16.5,0.9,79.4
63212,CÓRDOBA,15.1,72.1,1.8,8.4,25.2,6.9,3.0,3.6,4.6,3.4,17.5,13.0,15.1,2.3,88.7
63272,FILANDIA,12.7,59.6,1.0,1.0,27.1,3.9,1.2,2.0,5.3,0.6,8.7,2.4,13.8,0.9,83.6
63302,GÉNOVA,16.0,72.7,1.7,1.6,26.1,6.8,13.1,4.2,2.6,2.0,12.5,33.0,13.4,2.2,90.0
63401,LA TEBAIDA,15.9,60.2,2.1,5.6,37.3,7.1,2.3,3.3,5.3,1.9,12.7,2.1,17.5,0.9,83.2
63470,MONTENEGRO,15.2,64.4,1.6,2.7,32.9,7.1,2.1,4.7,7.4,1.2,11.8,1.5,16.7,0.7,83.4
63548,PIJAO,15.6,69.0,1.6,1.0,23.6,5.1,4.5,3.6,2.2,1.4,12.2,28.3,14.1,1.7,85.4
63594,QUIMBAYA,14.5,61.9,1.4,4.4,28.3,6.4,2.3,3.4,3.2,0.6,11.9,0.6,15.6,0.8,82.3
63690,SALENTO,9.9,51.9,1.4,5.9,20.2,5.1,2.3,2.1,8.3,0.7,10.5,14.5,16.7,1.5,81.7
66001,PEREIRA,6.6,41.5,1.7,3.2,24.7,3.9,2.2,2.7,3.1,0.7,10.7,1.4,18.3,0.6,75.4
66045,APÍA,15.1,71.9,1.3,5.5,28.3,3.5,14.2,3.8,1.4,0.5,12.3,21.4,12.4,2.5,89.1
66075,BALBOA,19.0,73.4,1.8,2.5,26.2,3.1,3.2,2.8,7.0,2.1,15.1,26.0,10.9,1.7,88.7
66088,BELÉN DE UMBRÍA,15.0,73.7,1.7,5.8,32.7,5.2,17.3,4.2,2.3,0.7,15.1,14.9,13.9,2.6,90.4
66170,DOSQUEBRADAS,5.6,41.4,1.5,3.6,23.4,3.7,1.5,2.3,1.2,0.3,12.3,2.5,18.0,0.6,75.2
66318,GUÁTICA,14.8,74.5,0.8,14.1,32.8,4.9,24.8,2.8,1.6,1.8,14.6,17.2,9.3,2.6,89.5
66383,LA CELIA,18.3,76.5,1.2,1.8,26.2,4.1,17.8,3.0,8.3,2.0,15.8,33.8,14.0,3.2,90.0
66400,LA VIRGINIA,12.5,58.6,1.8,0.5,28.4,6.4,0.3,3.9,1.0,0.1,13.1,0.8,17.7,0.8,80.4
66440,MARSELLA,15.6,71.3,1.6,0.7,30.8,4.3,11.0,4.8,9.4,6.8,16.2,20.6,13.1,1.6,85.4
66456,MISTRATÓ,35.2,81.2,7.0,1.6,45.0,16.4,46.1,16.6,21.3,2.0,28.9,41.5,17.1,5.5,93.3
66572,PUEBLO RICO,34.8,77.2,10.2,4.4,54.2,22.3,54.2,17.3,12.3,2.7,34.2,44.4,18.8,4.2,92.4
66594,QUINCHÍA,18.2,75.6,1.6,3.0,36.0,6.8,26.8,4.4,11.2,3.8,15.1,17.5,12.1,3.1,91.7
66682,SANTA ROSA DE CABAL,9.5,53.6,1.5,4.3,27.9,5.4,3.8,2.6,2.7,0.4,12.6,7.3,17.6,1.0,80.9
66687,SANTUARIO,18.0,77.1,1.4,8.0,26.5,3.7,17.8,4.0,1.4,0.4,20.3,25.9,13.9,2.6,88.7
68001,BUCARAMANGA,4.8,32.7,1.9,4.1,25.4,7.4,4.2,2.8,1.5,0.7,10.8,5.1,19.7,0.6,77.5
68013,AGUADA,26.7,81.2,2.4,2.2,57.7,4.5,14.8,3.3,0.2,13.9,11.9,6.7,13.8,1.0,91.9
68020,ALBANIA,20.6,78.6,1.2,5.4,54.7,4.5,17.2,2.2,2.0,6.4,14.0,30.3,8.9,1.3,92.4
68051,ARATOCA,21.4,72.8,1.3,1.8,37.7,9.9,13.1,2.3,1.8,28.2,10.7,39.7,11.0,1.3,86.6
68077,BARBOSA,10.6,52.7,1.9,4.7,27.0,6.3,4.6,3.7,0.9,1.6,14.8,4.4,17.1,1.1,85.9
68079,BARICHARA,11.8,61.1,1.6,12.8,27.2,8.4,4.0,2.5,0.2,8.4,11.6,20.3,11.2,1.8,87.0
68081,BARRANCABERMEJA,8.0,41.7,2.3,4.3,39.6,13.7,13.7,3.5,6.9,5.3,16.5,3.7,23.6,0.6,80.5
68092,BETULIA,15.5,72.4,2.6,15.5,32.7,7.3,18.1,8.4,1.3,15.8,21.2,29.0,16.1,2.8,82.8
68101,BOLÍVAR,25.7,82.7,1.6,1.2,39.1,5.7,22.2,5.7,0.7,18.2,16.0,27.5,10.5,2.0,91.8
68121,CABRERA,13.0,78.8,1.6,12.5,40.3,7.8,12.5,3.1,0.4,9.9,14.4,13.6,6.8,2.1,90.1
68132,CALIFORNIA,3.7,46.3,0.9,2.7,30.7,7.3,32.0,1.4,0.2,4.8,13.5,41.9,16.2,1.0,79.0
68147,CAPITANEJO,17.5,65.5,1.0,5.8,42.6,10.9,14.0,1.4,0.1,15.8,13.1,23.4,8.7,1.0,89.5
68152,CARCASÍ,19.0,77.3,1.0,16.1,56.9,17.7,11.0,2.1,0.5,45.2,23.1,53.8,6.7,0.8,95.1
68160,CEPITÁ,16.3,77.1,1.0,3.4,28.5,8.3,3.1,5.1,0.5,4.2,14.1,16.3,12.5,5.1,90.8
68162,CERRITO,13.6,73.2,2.5,3.8,46.0,13.7,7.2,4.8,1.2,14.4,14.7,37.4,10.4,2.2,96.1
68167,CHARALÁ,13.7,64.4,1.2,3.9,34.8,4.9,7.1,2.8,0.6,7.4,12.9,10.8,13.3,1.1,87.8
68169,CHARTA,10.2,75.9,1.4,4.3,29.1,6.1,10.2,4.1,0.5,9.1,16.2,42.6,13.1,2.1,87.5
68176,CHIMA,20.6,78.5,1.1,3.2,51.3,9.3,23.0,3.0,0.4,16.8,17.0,22.7,8.6,1.3,89.9
68179,CHIPATÁ,27.5,83.7,0.4,6.8,48.5,4.4,13.4,3.2,2.0,8.5,7.4,27.5,7.2,1.3,93.6
68190,CIMITARRA,18.4,66.1,2.5,5.8,34.1,9.7,11.4,4.7,2.6,6.1,19.6,12.7,17.0,2.1,83.8
68207,CONCEPCIÓN,14.7,69.0,1.1,5.6,45.1,15.7,7.8,2.5,0.7,16.8,15.6,29.3,7.9,0.8,93.2
68209,CONFINES,14.3,78.8,7.6,1.0,29.0,5.9,3.7,5.0,1.3,5.5,11.3,38.7,11.9,2.2,93.9
68211,CONTRATACIÓN,14.6,69.1,0.8,5.8,34.9,5.2,11.1,2.6,0.0,5.7,12.7,14.6,7.4,1.4,82.8
68217,COROMORO,19.3,84.0,2.5,2.1,48.9,6.9,27.2,7.3,0.4,15.5,16.0,37.5,9.6,3.9,94.8
68229,CURITÍ,16.7,66.9,1.1,10.4,32.1,10.8,8.9,4.3,0.7,11.4,16.4,12.7,12.5,1.8,86.9
68235,EL CARMEN DE CHUCURI,13.7,75.3,2.3,6.0,55.3,6.2,51.0,10.9,3.0,41.2,19.0,38.4,14.4,2.5,92.7
68245,EL GUACAMAYO,16.5,75.8,1.0,1.9,27.1,4.3,37.6,2.4,0.3,6.0,15.5,32.0,7.2,1.2,87.0
68250,EL PEÑÓN,28.2,82.5,2.3,1.2,33.2,10.6,39.4,11.6,0.7,18.0,22.8,48.0,15.8,7.7,95.4
68255,EL PLAYÓN,17.2,71.8,2.1,5.9,35.5,13.7,27.3,7.7,10.8,18.1,18.4,44.1,13.7,1.8,88.4
68264,ENCINO,13.9,81.1,1.7,0.4,22.5,6.5,19.7,6.6,0.1,10.8,14.5,19.3,11.2,8.6,93.4
68266,ENCISO,17.9,69.7,0.4,2.6,38.7,15.3,6.5,1.8,0.3,23.3,15.2,34.5,7.8,0.9,90.5
68271,FLORIÁN,25.4,78.6,1.6,7.1,57.0,7.8,18.4,3.6,1.6,13.6,21.0,35.7,9.8,1.0,91.3
68276,FLORIDABLANCA,4.2,30.7,1.9,3.2,22.9,5.1,2.4,2.3,1.1,0.6,12.4,3.3,19.8,0.6,76.3
68296,GALÁN,18.0,78.3,0.7,2.4,43.6,10.6,19.0,3.2,1.2,25.3,12.0,24.8,8.1,2.1,92.0
68298,GÁMBITA,16.8,76.8,1.4,11.0,37.9,6.5,36.1,5.0,1.8,27.0,20.6,55.1,8.0,3.1,92.8
68307,GIRÓN,6.3,41.9,2.1,3.0,26.5,8.5,6.0,3.9,1.1,1.3,14.9,12.5,15.5,0.8,79.2
68318,GUACA,12.2,78.9,1.8,6.5,71.5,11.8,5.3,6.6,0.0,15.4,22.9,42.5,10.1,0.6,93.9
68320,GUADALUPE,17.5,71.2,1.0,4.2,32.3,4.6,29.6,2.3,1.6,7.0,12.0,36.4,13.2,1.7,90.1
68322,GUAPOTÁ,15.0,77.9,1.1,1.7,42.0,5.9,5.6,3.5,0.7,5.8,15.0,16.1,12.4,2.0,85.3
68324,GUAVATÁ,24.6,76.0,1.6,1.5,33.5,3.4,13.3,3.2,1.2,27.1,8.5,44.6,12.4,1.3,93.9
68327,GÜEPSA,20.5,68.1,0.9,6.0,35.9,6.9,9.1,2.8,2.7,5.4,11.1,15.5,12.0,1.5,90.0
68344,HATO,20.0,77.7,1.0,4.2,52.1,6.4,8.9,4.0,0.1,19.2,17.6,23.0,9.2,1.0,88.8
68368,JESÚS MARÍA,20.5,75.9,1.4,2.1,42.3,5.8,9.2,1.5,0.7,28.0,12.5,20.9,9.6,0.9,88.6
68370,JORDÁN,28.8,86.1,3.6,0.3,29.7,17.9,20.3,10.3,0.3,30.9,26.7,43.0,11.8,6.4,91.8
68377,LA BELLEZA,12.6,73.4,1.3,0.6,34.5,5.5,27.6,4.7,0.8,2.0,20.0,32.0,12.9,2.0,90.7
68385,LANDÁZURI,22.5,73.6,1.6,11.3,36.6,6.1,28.6,5.1,2.3,5.2,16.9,50.1,14.5,2.5,89.3
68397,LA PAZ,26.5,85.9,1.7,0.9,25.5,1.7,16.9,4.6,0.6,7.4,18.4,28.5,7.8,2.3,92.7
68406,LEBRIJA,10.4,58.6,2.1,6.8,28.9,9.3,8.1,3.6,1.3,3.3,16.6,17.3,14.0,1.8,80.3
68418,LOS SANTOS,17.3,73.2,2.0,4.8,44.6,9.0,13.5,4.6,0.7,6.6,14.6,53.6,11.5,1.2,81.1
68425,MACARAVITA,20.0,72.6,0.8,1.7,49.7,13.6,14.8,2.0,0.5,35.3,17.1,60.6,11.4,2.5,88.9
68432,MÁLAGA,7.3,44.0,1.3,5.4,36.1,8.6,1.6,1.7,0.1,2.8,17.2,11.2,11.9,0.7,84.8
68444,MATANZA,14.8,74.2,1.9,0.3,33.8,6.2,22.7,5.3,0.6,12.0,11.3,39.3,13.1,1.3,90.6
68464,MOGOTES,19.0,76.1,1.2,11.4,42.3,11.3,15.4,4.9,0.9,22.3,20.9,30.3,12.3,2.9,91.8
68468,MOLAGAVITA,18.2,80.6,1.0,0.8,44.5,15.4,13.5,3.4,0.4,58.0,18.2,77.0,9.0,2.4,92.0
68498,OCAMONTE,19.0,82.7,0.9,2.2,45.9,5.0,9.4,4.0,1.1,8.4,13.9,18.8,8.7,2.4,94.2
68500,OIBA,15.2,68.2,1.4,6.0,35.7,5.6,11.8,2.2,1.4,6.7,9.6,25.6,13.6,1.8,88.1
68502,ONZAGA,16.8,79.1,0.7,4.4,52.7,12.1,19.8,4.6,0.3,40.0,15.8,61.7,8.5,1.7,91.0
68522,PALMAR,19.5,70.1,1.0,0.5,39.3,8.9,6.5,1.4,0.2,7.2,15.4,0.2,10.6,1.7,84.6
68524,PALMAS DEL SOCORRO,16.1,70.7,1.4,0.6,36.2,6.7,3.2,2.1,0.5,2.5,13.5,21.6,10.0,1.0,90.1
68533,PÁRAMO,10.3,73.2,1.2,5.3,31.5,7.7,2.4,5.1,0.9,4.5,20.3,26.2,8.2,3.3,88.4
68547,PIEDECUESTA,6.1,40.3,2.2,5.6,25.8,7.0,2.7,3.1,0.3,1.2,14.3,8.9,18.3,1.0,79.7
68549,PINCHOTE,9.8,55.9,1.2,7.0,38.6,4.9,3.8,1.6,0.7,6.3,13.9,19.9,9.2,0.6,83.9
68572,PUENTE NACIONAL,13.3,64.8,1.2,1.2,32.5,3.6,7.1,2.1,0.4,8.2,10.4,22.2,11.4,1.3,85.2
68573,PUERTO PARRA,16.6,69.6,2.4,6.5,33.4,9.7,13.5,5.4,4.5,8.9,24.2,10.9,15.5,1.1,74.7
68575,PUERTO WILCHES,18.1,65.9,2.5,7.3,40.7,13.6,18.4,6.1,9.0,26.3,18.5,8.8,16.0,1.3,78.6
68615,RIONEGRO,17.5,71.6,2.5,0.7,30.9,7.4,18.0,6.1,1.6,10.3,17.6,31.0,17.7,1.8,84.1
68655,SABANA DE TORRES,15.2,62.7,3.2,7.6,39.1,14.7,13.5,4.5,12.5,11.3,22.4,9.9,19.0,1.6,77.2
68669,SAN ANDRÉS,15.4,76.1,1.5,5.4,47.0,9.9,6.4,2.8,0.1,12.7,15.6,32.7,12.0,1.2,89.5
68673,SAN BENITO,23.2,84.1,1.3,1.2,37.3,3.4,21.7,3.2,1.1,8.6,14.0,68.9,9.7,2.1,95.2
68679,SAN GIL,6.1,38.8,1.5,5.6,26.6,6.1,1.7,1.8,0.5,1.7,9.8,4.6,13.8,0.7,79.5
68682,SAN JOAQUÍN,17.6,75.4,1.6,0.5,38.9,10.1,9.3,5.5,0.3,16.3,17.5,43.1,7.3,4.5,89.5
68684,SAN JOSÉ DE MIRANDA,19.2,72.4,1.5,8.7,39.6,12.7,7.6,3.7,1.9,24.6,19.2,52.3,10.5,2.0,89.9
68686,SAN MIGUEL,20.8,71.3,1.6,0.9,32.0,8.6,6.8,1.7,0.9,21.6,17.1,14.9,8.6,1.7,86.6
68689,SAN VICENTE DE CHUCURÍ,14.7,69.4,1.8,3.2,35.2,5.8,27.3,4.0,1.6,21.8,14.4,20.5,14.3,1.8,85.1
68705,SANTA BÁRBARA,16.6,79.5,1.1,2.0,45.6,6.4,22.4,5.4,0.7,22.8,20.5,71.3,14.1,3.8,88.6
68720,SANTA HELENA DEL OPÓN,18.3,76.4,2.3,3.6,36.6,5.8,46.9,8.1,2.8,8.7,18.0,25.4,9.9,4.3,92.7
68745,SIMACOTA,20.8,76.4,2.2,3.6,40.3,7.6,30.0,6.5,1.3,15.2,19.4,21.0,11.7,2.5,86.9
68755,SOCORRO,8.1,44.4,1.2,5.1,26.5,4.2,1.3,2.0,0.2,0.5,12.7,5.7,13.9,1.2,82.1
68770,SUAITA,17.0,72.7,0.9,5.0,35.4,3.5,20.6,2.8,2.8,10.6,12.7,35.3,10.7,1.2,89.9
68773,SUCRE,19.0,80.0,2.3,4.0,39.0,4.9,29.0,5.0,0.1,10.4,19.9,39.9,11.4,2.9,93.5
68780,SURATÁ,13.4,75.0,2.8,0.3,39.7,8.1,16.0,6.7,0.5,11.0,14.5,57.7,13.5,2.7,87.9
68820,TONA,12.4,80.5,2.3,0.4,39.9,4.7,9.7,9.6,0.1,2.6,16.2,58.0,12.3,4.0,93.1
68855,VALLE DE SAN JOSÉ,18.6,67.9,1.1,3.8,34.0,5.7,2.5,4.2,0.2,4.0,15.3,37.7,10.7,2.7,91.2
68861,VÉLEZ,15.1,55.9,1.4,3.1,39.0,4.0,8.1,3.7,1.8,5.9,11.7,25.4,13.5,1.1,88.5
68867,VETAS,12.7,60.0,0.7,3.5,44.4,4.7,30.0,0.9,0.2,6.8,12.8,33.6,11.4,0.5,75.2
68872,VILLANUEVA,13.1,69.6,0.9,8.5,30.7,10.7,5.5,3.1,0.1,9.6,14.6,6.6,8.5,2.2,90.5
68895,ZAPATOCA,9.6,64.2,1.5,7.0,30.7,5.3,8.6,2.8,0.1,4.4,17.5,16.3,9.2,2.4,83.5
70001,SINCELEJO,14.7,41.6,1.9,7.4,39.0,16.9,7.8,3.6,6.1,11.4,15.9,8.4,16.5,0.7,88.2
70110,BUENAVISTA,27.6,63.1,2.0,2.9,54.5,23.2,14.0,4.5,13.7,28.8,20.4,11.7,10.8,0.9,95.3
70124,CAIMITO,33.9,71.6,1.2,5.7,56.5,19.3,48.1,4.9,1.2,44.1,22.1,4.1,12.0,0.8,93.7
70204,COLOSÓ,31.6,70.0,1.3,5.6,47.2,17.0,26.1,3.6,45.3,65.0,21.7,14.1,9.7,0.8,94.1
70215,COROZAL,19.2,47.9,1.7,8.8,39.5,17.1,12.3,3.1,6.8,12.6,18.1,3.8,16.5,0.8,91.3
70221,COVEÑAS,16.6,46.1,3.0,8.0,46.8,18.1,37.1,3.3,8.9,18.8,15.4,47.2,21.4,0.8,88.6
70230,CHALÁN,40.8,73.0,1.0,15.6,70.9,24.7,27.9,4.1,23.0,59.9,26.2,7.3,12.1,0.9,96.5
70233,EL ROBLE,41.3,75.7,2.0,9.5,68.5,21.7,29.7,5.6,3.0,23.7,24.7,6.0,11.0,0.9,96.5
70235,GALERAS,25.5,64.8,2.2,1.8,49.7,21.1,23.5,3.4,5.9,24.6,21.0,11.4,13.3,1.2,94.3
70265,GUARANDA,29.3,73.0,1.6,10.8,53.1,19.1,63.6,4.7,7.3,46.5,28.3,50.1,11.0,2.2,95.9
70400,LA UNIÓN,32.5,70.0,1.9,3.1,53.6,17.9,35.5,3.0,1.4,49.8,23.0,3.9,13.9,0.7,91.4
70418,LOS PALMITOS,27.6,61.2,1.4,7.6,42.3,15.7,21.9,3.0,6.7,20.6,20.3,4.0,12.0,1.2,92.9
70429,MAJAGUAL,28.4,74.2,2.9,6.5,54.4,15.1,54.1,8.4,8.9,60.3,24.1,11.5,14.6,1.6,96.1
70473,MORROA,23.4,56.7,1.9,3.4,41.5,22.8,18.7,5.8,12.5,24.5,23.2,10.8,13.8,1.1,91.3
70508,OVEJAS,34.9,70.2,1.2,9.3,42.7,20.1,22.7,3.4,5.6,26.3,22.1,20.5,11.7,1.5,92.6
70523,PALMITO,34.0,66.2,1.6,5.1,68.8,20.6,44.4,3.5,15.4,54.7,18.8,42.4,12.4,0.5,94.7
70670,SAMPUÉS,30.7,64.8,1.6,11.8,47.6,26.8,28.3,4.1,17.0,44.0,26.5,17.0,12.4,1.0,93.6
70678,SAN BENITO ABAD,37.3,75.5,3.7,5.4,49.1,15.3,60.3,6.0,15.3,38.2,21.5,6.5,14.6,1.4,94.9
70702,SAN JUAN DE BETULIA,30.0,60.5,1.1,4.7,49.7,19.5,22.8,2.6,11.8,19.7,13.7,11.1,11.5,0.5,94.1
70708,SAN MARCOS,30.1,69.8,2.2,7.6,50.5,20.5,67.3,4.6,4.2,31.4,24.2,4.9,12.3,1.5,92.8
70713,SAN ONOFRE,38.4,77.2,5.3,5.4,55.9,17.5,51.2,7.7,11.0,30.6,28.0,22.3,23.6,1.4,94.6
70717,SAN PEDRO,25.5,64.3,1.4,4.8,51.6,19.7,17.6,4.1,13.4,24.0,20.5,13.2,13.1,0.8,92.5
70742,SAN LUIS DE SINCÉ,26.2,68.3,1.7,3.9,48.3,24.0,15.4,3.8,26.9,23.2,19.5,12.3,12.4,1.1,94.1
70771,SUCRE,31.9,76.0,2.4,3.8,52.7,13.5,69.5,4.1,10.4,63.7,18.6,6.0,12.9,0.9,94.4
70820,SANTIAGO DE TOLÚ,19.7,58.6,2.1,1.2,41.2,23.1,33.7,3.7,7.4,20.5,25.6,14.1,16.0,1.1,89.8
70823,SAN JOSÉ DE TOLUVIEJO,27.3,63.6,1.5,1.1,40.8,16.3,16.4,3.5,17.1,24.0,17.6,30.5,12.4,0.9,91.9
73001,IBAGUÉ,5.6,37.3,1.9,3.3,28.4,5.8,2.5,2.6,1.2,1.3,10.1,3.5,19.9,0.6,78.7
73024,ALPUJARRA,14.0,73.3,1.1,1.8,37.7,6.6,9.5,2.4,0.4,6.7,13.1,12.3,9.4,1.4,91.4
73026,ALVARADO,22.1,73.7,1.7,3.5,34.7,8.3,20.0,2.8,2.7,8.4,18.1,17.0,13.7,1.7,83.7
73030,AMBALEMA,17.3,72.7,0.9,2.7,39.8,16.4,7.0,3.3,3.2,4.8,15.2,5.0,14.5,0.7,76.1
73043,ANZOÁTEGUI,19.9,81.6,2.0,4.5,37.0,6.4,52.3,6.8,6.0,13.9,21.6,38.8,13.9,4.6,94.2
73055,ARMERO,16.1,66.8,1.5,1.6,34.6,10.3,3.6,3.8,3.3,6.8,11.5,4.7,13.7,0.7,83.3
73067,ATACO,21.1,81.7,3.4,6.3,45.8,11.8,33.9,8.7,1.7,40.5,26.1,58.1,17.1,3.3,94.6
73124,CAJAMARCA,13.9,71.3,2.3,3.2,29.3,7.7,19.6,5.0,2.1,2.5,15.3,31.7,16.6,2.9,89.9
73148,CARMEN DE APICALÁ,11.1,57.9,1.3,0.8,31.7,10.8,2.5,4.7,2.2,2.8,10.8,4.4,15.8,1.1,84.3
73152,CASABIANCA,19.2,80.8,2.0,0.5,31.0,4.8,34.9,9.3,6.5,1.9,16.3,34.1,10.7,4.7,92.4
73168,CHAPARRAL,16.4,68.3,2.4,2.6,36.2,8.9,16.2,6.4,2.3,19.7,18.4,23.4,15.3,2.8,90.1
73200,COELLO,24.9,70.4,2.2,2.3,41.8,10.5,14.4,3.8,2.6,9.6,11.2,14.1,14.1,1.0,85.3
73217,COYAIMA,23.8,76.6,2.2,0.7,59.3,10.4,56.6,8.6,12.3,37.0,12.3,53.2,15.4,1.3,95.2
73226,CUNDAY,18.7,77.3,2.2,4.3,34.0,5.7,10.5,4.4,1.3,18.0,13.1,28.9,13.7,1.4,90.1
73236,DOLORES,12.9,72.4,1.5,0.5,36.8,7.4,15.4,4.5,0.4,22.4,11.6,20.6,11.3,0.9,91.3
73268,ESPINAL,10.6,49.9,1.5,0.8,34.9,8.6,1.5,4.4,1.0,1.5,10.7,3.6,16.1,0.9,86.0
73270,FALAN,21.0,77.4,2.0,7.0,29.7,4.4,15.6,4.0,3.4,11.0,14.7,16.8,14.5,2.8,92.3
73275,FLANDES,8.9,48.5,1.9,0.5,29.7,10.8,2.4,2.9,1.4,1.7,10.8,1.4,18.1,0.7,82.0
73283,FRESNO,15.1,71.2,1.4,1.6,29.3,5.0,9.2,5.4,4.5,1.8,15.8,27.5,12.8,2.8,90.5
73319,GUAMO,15.7,65.1,1.5,2.3,41.8,12.7,13.5,3.5,1.9,5.8,10.0,14.7,13.6,0.7,88.1
73347,HERVEO,17.4,78.4,1.4,0.3,57.2,3.2,28.0,4.9,8.2,0.3,16.5,45.0,12.3,1.2,92.6
73349,HONDA,12.4,54.8,2.3,3.4,34.2,10.7,7.0,3.4,2.6,2.6,12.4,3.4,17.8,0.5,81.8
73352,ICONONZO,14.6,70.4,1.5,3.1,32.8,6.3,14.6,2.6,2.7,9.0,12.4,28.1,15.7,1.1,88.5
73408,LÉRIDA,16.0,63.4,1.6,2.5,35.8,9.8,3.0,3.3,4.4,4.8,12.4,5.8,15.2,0.9,84.3
73411,LÍBANO,15.3,63.7,1.9,8.2,30.8,4.5,17.1,4.9,4.8,3.2,13.7,20.8,15.3,1.6,88.3
73443,SAN SEBASTIÁN DE MARIQUITA,11.6,58.0,1.7,3.8,32.1,7.9,7.0,3.3,2.1,3.2,17.4,12.5,14.5,1.4,85.1
73449,MELGAR,6.1,44.5,2.4,1.0,31.9,7.8,5.0,4.5,3.1,2.8,12.9,5.4,21.6,0.8,84.2
73461,MURILLO,18.5,78.1,1.4,1.5,36.9,7.9,32.4,5.4,12.6,1.0,20.7,38.7,13.7,3.7,93.3
73483,NATAGAIMA,19.4,70.2,1.6,3.9,45.0,12.9,19.9,3.3,1.9,19.4,13.7,5.9,17.6,0.7,92.9
73504,ORTEGA,18.8,72.0,2.3,5.0,46.3,13.3,20.5,5.3,1.1,36.7,18.2,29.6,15.3,2.2,91.7
73520,PALOCABILDO,17.3,77.9,2.1,3.4,39.8,6.7,13.9,5.0,6.1,4.6,20.6,28.4,13.1,2.5,93.4
73547,PIEDRAS,17.2,69.4,1.3,5.2,34.2,7.8,6.9,2.1,5.1,6.7,13.6,6.4,14.4,0.3,76.6
73555,PLANADAS,18.6,77.1,4.3,2.9,32.9,9.5,36.5,10.5,5.9,20.8,27.7,44.4,15.1,7.0,93.4
73563,PRADO,20.1,72.1,1.6,5.1,39.4,9.4,4.5,4.8,3.7,15.5,14.8,13.5,12.5,1.2,90.8
73585,PURIFICACIÓN,16.6,64.9,1.5,2.9,42.6,13.3,3.7,2.7,2.0,8.3,15.2,9.5,14.4,0.5,87.7
73616,RIOBLANCO,19.9,79.0,3.8,11.3,38.8,9.2,45.2,11.9,2.1,28.4,27.9,50.2,15.1,7.3,94.1
73622,RONCESVALLES,11.7,76.5,2.3,1.2,29.0,5.9,28.0,6.2,15.2,4.1,18.9,23.3,18.1,3.6,89.1
73624,ROVIRA,18.6,78.0,2.3,1.9,34.3,9.7,21.5,6.6,2.9,17.5,19.0,31.9,15.0,3.3,94.2
73671,SALDAÑA,14.5,66.1,1.9,3.0,44.2,17.8,10.0,5.9,1.6,2.9,11.6,20.8,14.2,1.0,88.1
73675,SAN ANTONIO,17.9,76.4,2.7,9.4,41.4,10.7,37.0,6.5,1.0,19.0,21.6,31.0,13.3,4.4,94.7
73678,SAN LUIS,23.6,69.5,1.3,2.2,47.1,10.9,13.1,3.8,1.6,11.3,11.6,18.8,13.7,0.7,89.5
73686,SANTA ISABEL,18.7,78.2,2.3,8.3,29.1,6.3,51.0,3.7,12.7,2.0,20.5,44.2,14.7,2.9,90.8
73770,SUÁREZ,22.2,72.8,0.9,2.1,47.7,8.5,7.1,2.1,1.3,17.2,11.2,4.1,12.6,0.2,88.5
73854,VALLE DE SAN JUAN,22.6,75.8,1.3,1.1,42.2,7.0,6.4,3.6,7.1,35.2,11.9,37.0,9.7,0.8,91.4
73861,VENADILLO,19.3,72.2,2.1,2.9,33.4,10.7,19.1,8.3,2.9,5.9,15.5,12.4,13.7,1.0,84.8
73870,VILLAHERMOSA,17.5,83.6,1.7,2.6,33.1,4.1,42.3,5.8,12.1,1.8,20.9,48.3,11.8,4.1,93.6
73873,VILLARRICA,15.1,73.8,1.3,5.8,27.5,6.2,23.5,4.3,2.5,17.3,12.2,28.1,11.7,2.8,92.9
76001,CALI,4.4,33.0,1.9,4.1,21.1,4.8,1.5,2.8,0.6,0.3,11.3,0.9,17.7,0.6,75.3
76020,ALCALÁ,18.7,72.1,1.7,7.1,31.9,6.9,6.4,3.9,10.6,2.7,13.7,7.0,14.8,1.5,86.2
76036,ANDALUCÍA,8.6,52.0,1.2,0.5,37.4,4.5,2.1,2.2,2.4,1.4,11.2,2.8,11.1,0.5,80.0
76041,ANSERMANUEVO,17.4,76.6,2.4,3.0,30.8,5.8,4.4,5.0,1.5,2.1,15.9,19.6,13.1,1.7,85.9
76054,ARGELIA,21.4,77.5,1.7,1.5,27.1,6.4,14.6,4.5,2.8,0.3,16.5,24.2,10.4,3.0,92.4
76100,BOLÍVAR,16.8,69.9,3.0,1.1,30.9,5.5,16.1,5.0,2.4,2.3,14.1,15.1,13.3,1.9,89.9
76109,BUENAVENTURA,14.1,48.3,5.1,4.5,43.5,10.2,32.4,5.2,15.7,1.0,24.2,26.3,22.2,1.3,88.6
76111,GUADALAJARA DE BUGA,6.4,40.9,1.1,4.2,22.3,4.8,1.1,1.9,0.5,0.6,12.1,1.6,13.7,0.5,76.9
76113,BUGALAGRANDE,14.1,58.2,1.8,5.7,28.7,4.3,8.8,2.4,5.5,4.7,16.7,11.7,14.3,0.9,79.3
76122,CAICEDONIA,14.7,64.0,1.1,7.5,29.3,5.7,5.3,2.8,2.6,0.6,11.9,6.8,13.3,1.2,86.4
76126,CALIMA,10.1,60.6,1.4,8.8,27.2,6.3,3.4,3.4,5.7,1.6,13.7,12.1,15.3,1.0,83.9
76130,CANDELARIA,8.2,46.4,2.0,2.6,25.0,3.6,2.4,3.6,1.0,1.3,12.2,5.3,16.0,0.7,76.6
76147,CARTAGO,8.4,48.2,1.3,6.8,25.7,4.3,1.5,2.4,0.9,0.5,11.9,1.6,14.7,0.6,81.3
76233,DAGUA,12.4,66.0,2.1,4.6,28.9,5.3,13.4,4.6,2.5,4.7,15.5,14.7,14.3,1.1,86.4
76243,EL ÁGUILA,20.6,78.2,1.3,2.1,29.7,4.9,35.7,4.4,8.1,0.8,23.1,29.2,9.6,3.4,93.5
76246,EL CAIRO,16.6,76.0,2.1,4.7,25.0,4.7,24.3,3.6,3.2,1.3,17.5,24.1,11.4,2.6,92.3
76248,EL CERRITO,9.8,50.5,1.9,2.8,25.0,4.6,1.3,4.1,0.4,0.4,11.4,2.4,14.3,0.6,76.2
76250,EL DOVIO,21.3,72.3,2.7,12.3,31.6,8.0,11.9,6.4,5.6,3.4,22.4,9.6,8.8,2.8,90.9
76275,FLORIDA,11.3,52.4,1.7,3.6,27.1,5.3,2.2,3.2,1.5,4.1,12.4,3.6,14.8,0.8,79.6
76306,GINEBRA,7.5,53.0,1.2,0.6,21.9,4.4,1.9,3.1,1.8,1.3,13.5,4.4,13.5,1.1,80.0
76318,GUACARÍ,10.6,52.4,1.4,3.3,28.9,5.8,1.9,2.7,1.3,2.3,11.0,2.0,14.1,0.6,77.2
76364,JAMUNDÍ,5.7,38.6,2.1,2.4,24.6,4.4,2.1,4.1,2.2,2.6,13.4,3.8,17.7,0.8,78.5
76377,LA CUMBRE,12.3,61.6,1.4,14.3,23.0,4.4,5.7,2.8,5.1,5.7,12.6,12.5,11.7,1.0,85.5
76400,LA UNIÓN,10.0,59.4,1.3,11.1,28.3,6.5,3.7,5.4,1.7,1.8,16.1,3.6,12.1,1.1,87.1
76403,LA VICTORIA,15.6,61.6,1.3,2.2,28.8,4.7,3.0,3.9,1.1,0.8,13.1,5.1,15.2,1.2,83.8
76497,OBANDO,17.2,69.9,2.2,5.2,34.1,7.1,7.6,4.4,4.2,3.4,13.5,14.6,14.4,1.3,81.9
76520,PALMIRA,5.3,40.3,1.5,1.5,25.0,3.0,0.5,3.3,0.4,0.7,12.4,1.0,15.2,0.4,78.9
76563,PRADERA,15.1,56.9,1.5,8.0,30.6,9.3,2.9,3.6,1.2,2.4,15.1,4.9,14.1,0.9,77.9
76606,RESTREPO,12.5,60.4,1.5,0.8,27.9,6.5,4.3,3.2,2.8,2.0,10.1,5.2,14.1,1.3,84.1
76616,RIOFRÍO,15.1,66.6,1.2,2.5,28.7,4.2,7.4,3.3,2.9,4.6,11.7,14.0,10.9,1.2,83.2
76622,ROLDANILLO,9.1,51.1,1.0,3.7,26.9,4.1,3.6,2.4,0.7,1.1,13.0,4.0,12.3,0.8,83.3
76670,SAN PEDRO,11.3,56.8,1.6,4.4,30.6,4.5,1.7,2.3,1.2,1.9,11.2,3.6,12.7,0.8,78.0
76736,SEVILLA,14.6,67.0,1.1,2.8,31.9,5.7,5.7,3.3,5.0,1.0,14.2,9.7,12.1,1.0,88.9
76823,TORO,18.1,70.7,2.1,4.4,30.1,6.3,11.9,5.3,1.8,2.4,18.6,6.7,12.4,1.7,89.1
76828,TRUJILLO,17.4,72.3,1.4,6.4,30.2,5.8,17.3,3.6,4.3,2.5,17.6,18.9,10.5,2.4,90.4
76834,TULUÁ,7.5,44.6,1.4,2.9,25.7,4.1,1.4,2.6,0.9,0.9,11.5,2.1,13.9,0.7,80.4
76845,ULLOA,16.5,69.7,1.2,0.9,27.9,5.2,2.5,3.6,7.8,1.1,12.2,4.8,15.5,0.9,85.4
76863,VERSALLES,15.5,68.9,1.4,5.7,36.0,3.8,15.2,5.0,3.8,0.8,14.4,11.2,7.9,1.6,88.7
76869,VIJES,11.7,58.4,1.8,0.7,27.7,6.3,2.8,1.6,2.0,2.9,9.5,8.9,12.1,0.4,79.6
76890,YOTOCO,11.5,58.0,1.6,6.8,25.8,5.9,3.7,5.1,1.2,1.9,13.9,12.8,13.5,1.1,79.1
76892,YUMBO,7.5,44.3,1.8,2.7,24.3,7.6,1.3,3.4,3.8,2.9,13.8,3.7,16.0,0.6,76.0
76895,ZARZAL,10.8,47.5,1.1,4.0,28.3,5.2,1.5,2.3,1.5,0.7,14.1,1.8,11.8,0.6,76.8
81001,ARAUCA,9.9,47.1,3.0,6.3,39.6,18.1,17.0,5.3,18.3,16.4,19.2,12.1,23.4,1.2,85.0
81065,ARAUQUITA,17.4,70.8,3.1,9.1,40.5,12.6,21.8,7.6,14.4,33.3,25.3,8.1,17.3,3.5,90.2
81220,CRAVO NORTE,16.9,66.8,2.2,7.6,57.2,15.1,12.9,5.6,6.8,26.0,21.8,4.4,18.3,1.0,87.5
81300,FORTUL,15.4,68.7,2.3,5.7,47.2,18.2,32.0,6.7,20.9,24.5,27.6,6.0,13.5,3.0,91.8
81591,PUERTO RONDÓN,14.7,65.7,2.7,13.6,37.9,13.8,21.6,8.9,7.2,16.2,22.5,6.9,18.9,2.4,89.5
81736,SARAVENA,11.8,59.6,2.5,10.2,37.0,15.6,26.3,5.4,20.4,18.0,20.5,4.4,15.8,1.9,88.0
81794,TAME,10.9,60.3,3.0,8.8,44.2,13.5,15.5,7.1,11.7,20.7,21.5,10.5,18.2,2.2,89.8
85001,YOPAL,6.5,39.9,2.3,7.5,32.2,10.0,7.5,2.6,4.6,3.6,16.6,6.5,18.7,0.9,79.5
85010,AGUAZUL,12.4,54.0,1.7,9.5,36.2,11.1,1.5,4.0,5.7,5.7,14.7,7.3,14.9,2.1,80.1
85015,CHÁMEZA,13.6,62.3,0.8,8.0,45.9,9.8,5.7,1.6,1.0,11.0,13.8,33.9,10.2,0.8,87.2
85125,HATO COROZAL,12.7,69.5,4.4,7.1,59.7,18.6,25.7,7.0,11.3,24.1,26.4,19.4,21.7,1.9,91.0
85136,LA SALINA,14.8,60.3,3.3,4.3,57.5,10.6,13.6,3.8,0.3,14.6,19.8,42.5,15.6,1.3,83.2
85139,MANÍ,10.4,60.3,2.5,6.0,39.4,16.9,3.3,4.3,3.6,3.1,15.2,19.7,17.7,1.0,78.3
85162,MONTERREY,10.0,55.1,1.5,5.7,49.6,8.7,3.8,1.5,2.8,2.7,16.4,6.2,16.1,0.5,83.1
85225,NUNCHÍA,18.0,74.8,2.3,9.5,53.4,14.0,29.9,4.7,6.9,20.9,21.8,38.1,17.0,1.3,86.2
85230,OROCUÉ,15.6,64.5,2.2,9.2,55.9,18.4,5.1,5.6,11.3,24.3,19.8,4.6,14.4,0.9,84.0
85250,PAZ DE ARIPORO,10.1,62.0,3.6,4.3,40.4,17.6,10.4,5.4,4.5,10.8,21.3,5.8,20.4,2.1,89.3
85263,PORE,10.4,67.7,3.0,13.4,50.1,18.5,9.2,4.0,5.6,16.6,19.2,14.9,14.7,1.8,86.4
85279,RECETOR,12.6,65.7,1.6,0.4,50.8,3.3,38.8,1.4,3.3,19.9,12.6,69.1,9.1,0.4,77.6
85300,SABANALARGA,12.6,63.0,1.9,4.4,46.4,7.6,2.8,5.9,0.5,4.1,16.6,16.1,11.1,1.1,80.9
85315,SÁCAMA,11.4,58.8,1.6,2.0,39.7,9.6,16.7,5.1,7.4,18.1,18.0,23.2,14.4,2.5,76.6
85325,SAN LUIS DE PALENQUE,10.9,72.2,3.9,0.8,43.2,11.7,5.0,6.1,3.3,11.0,17.6,3.2,17.2,2.3,83.5
85400,TÁMARA,14.4,77.3,2.7,3.3,43.4,15.3,19.0,9.1,6.3,46.0,20.9,68.1,13.7,3.5,90.4
85410,TAURAMENA,10.0,55.3,2.0,3.5,41.7,9.4,3.9,3.1,6.7,4.3,15.0,7.0,16.3,1.1,82.7
85430,TRINIDAD,11.4,69.4,3.3,1.9,41.5,16.2,7.8,5.4,3.5,10.7,19.8,5.3,20.6,2.0,85.8
85440,VILLANUEVA,8.8,56.1,2.4,5.9,27.4,10.9,11.1,3.9,4.8,5.6,13.7,10.9,17.1,1.5,73.6
86001,MOCOA,7.2,43.5,1.5,9.8,36.5,10.6,12.8,2.6,7.2,2.1,13.5,8.4,14.9,0.9,83.2
86219,COLÓN,9.8,51.2,1.3,15.1,37.6,11.7,2.6,1.5,2.2,4.2,8.6,3.8,9.3,0.8,85.6
86320,ORITO,10.2,56.7,1.5,4.7,45.6,9.5,28.3,3.6,22.2,4.3,14.1,44.4,10.9,1.9,85.6
86568,PUERTO ASÍS,10.4,59.2,2.1,8.5,37.4,11.6,25.2,5.7,9.4,2.8,18.6,75.9,14.6,2.4,88.6
86569,PUERTO CAICEDO,10.1,62.5,1.1,3.9,43.1,6.8,19.4,4.5,6.9,3.0,14.1,35.1,10.6,1.9,90.2
86571,PUERTO GUZMÁN,14.8,76.4,4.4,8.1,49.5,9.6,38.6,11.0,13.8,8.1,27.3,53.6,17.0,3.9,93.4
86573,PUERTO LEGUÍZAMO,12.5,63.6,4.3,3.4,49.8,13.4,37.0,7.4,24.8,7.7,21.9,37.9,18.1,2.0,91.9
86749,SIBUNDOY,8.5,48.7,1.0,14.4,39.5,9.6,5.1,2.1,3.7,1.4,11.3,2.5,13.0,1.6,89.5
86755,SAN FRANCISCO,10.0,52.2,0.8,9.4,40.4,10.1,8.9,1.9,0.6,1.7,13.4,6.8,8.7,1.4,89.3
86757,SAN MIGUEL,12.1,65.1,1.7,9.2,41.0,9.3,30.0,5.1,8.6,3.2,16.1,80.8,10.7,3.7,92.8
86760,SANTIAGO,11.8,58.8,1.5,9.9,53.3,17.9,10.6,3.5,2.9,11.1,14.4,5.0,10.2,2.2,90.9
86865,VALLE DEL GUAMUEZ,8.9,59.7,1.6,9.8,37.6,9.9,21.9,4.0,13.3,3.9,14.1,71.5,9.8,2.2,90.5
86885,VILLAGARZÓN,9.3,57.4,1.9,13.7,39.7,12.0,6.9,4.5,8.5,1.2,19.7,21.4,15.2,1.9,85.5
88001,SAN ANDRÉS,2.7,28.3,2.7,2.0,15.8,12.4,53.9,2.9,5.0,1.3,9.4,74.1,21.2,0.7,71.5
88564,PROVIDENCIA,2.7,26.5,2.3,2.7,16.0,4.2,44.5,2.8,17.3,0.6,8.0,56.7,23.5,0.9,64.8
91001,LETICIA,9.0,45.1,4.0,5.8,39.2,24.0,41.7,5.8,24.0,3.5,25.5,47.8,26.6,1.4,85.3
91263,EL ENCANTO,9.7,68.0,11.6,2.7,64.9,19.9,31.2,13.8,2.4,1.9,35.4,80.9,42.4,4.8,96.4
91405,LA CHORRERA,6.3,73.9,17.4,11.2,88.2,21.0,69.6,12.1,11.6,8.7,34.6,83.3,54.0,0.2,96.9
91407,LA PEDRERA,28.9,78.1,24.0,6.0,84.2,44.6,80.1,20.9,14.1,18.0,44.6,95.0,63.4,2.1,94.9
91430,LA VICTORIA,52.5,92.5,27.5,12.5,95.0,32.5,82.5,37.5,55.0,40.0,55.0,85.0,50.0,0.0,100.0
91460,MIRITÍ - PARANÁ,22.3,83.2,28.5,4.5,88.8,58.1,86.6,13.4,22.9,19.0,41.3,95.5,68.7,1.7,96.6
91530,PUERTO ALEGRÍA,19.8,85.0,19.8,31.7,79.6,19.8,39.5,11.4,0.0,4.8,44.3,73.7,41.3,1.8,92.8
91536,PUERTO ARICA,15.4,80.8,14.5,17.8,74.8,17.8,29.4,16.8,1.4,7.9,40.2,87.4,34.6,0.9,96.7
91540,PUERTO NARIÑO,17.7,64.6,6.0,5.2,63.5,20.7,46.8,13.4,33.6,4.3,36.5,61.0,26.4,5.4,90.8
91669,PUERTO SANTANDER,17.6,80.4,19.9,18.9,77.7,22.3,52.8,10.3,1.3,7.0,40.5,80.4,61.1,1.7,96.7
91798,TARAPACÁ,22.2,72.2,13.4,2.7,78.9,20.6,48.9,10.0,0.7,12.3,40.1,90.8,41.1,0.6,95.5
94001,INÍRIDA,15.8,63.8,6.0,8.8,52.2,24.5,58.5,8.4,31.9,33.0,35.5,69.9,21.8,1.0,87.6
94343,BARRANCOMINAS,25.5,82.9,20.9,2.8,79.8,34.7,66.9,10.0,22.3,44.3,53.4,75.0,27.8,1.7,93.4
94663,MAPIRIPANA,39.6,89.6,18.7,0.7,92.5,32.8,57.5,18.7,18.7,22.4,59.0,78.4,30.6,0.0,98.5
94883,SAN FELIPE,23.0,86.1,19.3,3.3,67.9,26.6,84.3,16.4,1.8,66.8,43.8,93.8,47.8,2.6,97.8
94884,PUERTO COLOMBIA,30.7,96.2,21.1,7.0,85.6,27.5,97.1,12.5,1.9,77.0,43.5,95.8,53.0,0.6,99.4
94885,LA GUADALUPE,17.1,87.8,24.4,2.4,53.7,29.3,87.8,19.5,0.0,65.9,39.0,80.5,48.8,4.9,95.1
94886,CACAHUAL,35.6,90.2,10.6,4.5,58.3,40.2,63.6,23.5,10.6,53.8,53.8,87.9,32.6,10.6,98.5
94887,PANA PANA,28.3,96.2,34.6,16.0,96.2,32.1,94.9,34.2,2.1,86.1,52.3,89.9,56.1,0.4,98.3
94888,MORICHAL,43.2,96.2,15.2,14.4,93.9,46.2,80.3,23.5,3.0,63.6,62.1,95.5,41.7,0.0,98.5
95001,SAN JOSÉ DEL GUAVIARE,10.7,55.8,3.1,10.4,33.1,10.7,28.9,4.9,10.9,11.9,20.2,40.4,20.6,1.9,86.2
95015,CALAMAR,13.1,77.6,2.9,4.2,31.3,8.6,51.0,6.9,39.6,25.6,21.9,64.9,16.7,4.7,92.7
95025,EL RETORNO,14.5,74.8,2.7,6.6,39.1,6.3,30.3,5.7,12.7,15.4,23.5,43.9,17.4,2.5,91.0
95200,MIRAFLORES,16.4,81.3,4.5,8.6,48.3,7.5,66.1,4.7,28.2,3.5,19.9,60.9,19.6,1.7,92.5
97001,MITÚ,18.7,62.7,11.5,8.5,68.9,29.0,56.0,9.5,33.5,32.3,36.7,58.7,35.7,0.8,88.2
97161,CARURÚ,21.8,73.9,7.3,11.2,79.1,25.3,30.9,11.2,38.4,6.7,33.9,54.4,30.0,0.0,89.4
97511,PACOA,45.0,92.1,32.0,13.4,97.7,57.4,94.0,42.8,72.7,73.3,54.5,83.7,48.3,0.0,99.5
97666,TARAIRA,26.3,72.7,16.1,1.7,84.4,37.0,67.9,17.0,50.9,22.6,40.9,63.5,38.7,0.0,92.2
97777,PAPUNAHUA,30.1,94.2,16.5,2.9,91.3,27.2,76.7,25.2,5.8,29.1,49.5,90.3,35.9,1.0,100.0
97889,YAVARATÉ,26.9,88.2,19.4,16.1,89.2,37.6,64.5,5.4,2.2,61.3,50.5,86.0,35.5,1.1,98.9
99001,PUERTO CARREÑO,15.7,51.5,6.8,7.2,45.9,24.8,77.4,10.4,20.7,24.7,26.1,32.3,28.3,1.6,84.9
99524,LA PRIMAVERA,14.7,64.0,8.8,9.6,52.5,19.8,68.9,8.1,12.3,34.8,25.0,15.3,30.4,1.4,87.5
99624,SANTA ROSALÍA,14.6,58.7,4.9,14.9,54.3,19.4,71.8,6.0,10.3,22.6,25.4,12.0,24.2,1.1,76.7
99773,CUMARIBO,26.0,85.4,18.8,5.4,83.1,38.9,85.0,21.1,41.8,76.8,47.3,79.1,44.6,1.0,96.5